ROI,Age,centile_5,centile_10,centile_25,centile_50,centile_75,centile_90,centile_95
H_MUSE_Volume_104,21,0.00122459201640761,0.00127869949156154,0.0013928082859679,0.00156484220692593,0.00175305759404088,0.0018987622140297,0.00197488243118866
H_MUSE_Volume_104,22,0.00121709875629708,0.00127141299814446,0.00138554886830075,0.00155696937926441,0.00174444054975141,0.00189005984553472,0.00196641232071069
H_MUSE_Volume_104,23,0.00120961380536179,0.00126413857124601,0.00137830220106115,0.00154909655160289,0.00173580881642533,0.00188134161086588,0.00195793022430742
H_MUSE_Volume_104,24,0.00120213716939873,0.00125687635507249,0.00137106850372127,0.00154122372394137,0.00172716216744345,0.00187260735530798,0.0019494361546646
H_MUSE_Volume_104,25,0.00119466885680172,0.00124962650219566,0.0013638480054607,0.00153335089627985,0.00171850036603979,0.00186385691415499,0.00194093012108134
H_MUSE_Volume_104,26,0.0011872088788491,0.00124238917414034,0.00135664094572334,0.00152547806861833,0.00170982316471663,0.00185509011198866,0.00193241212906579
H_MUSE_Volume_104,27,0.00117975725002237,0.0012351645420211,0.00134944757481346,0.00151760524095681,0.00170113030461875,0.00184630676189739,0.00192388217988846
H_MUSE_Volume_104,28,0.00117231398835928,0.00122795278723285,0.00134226815453418,0.00150973241329529,0.00169242151486376,0.00183750666463006,0.00191534027008821
H_MUSE_Volume_104,29,0.00116487911584553,0.00122075410220043,0.00133510295887203,0.00150185958563377,0.00168369651182466,0.00182868960767823,0.00190678639092576
H_MUSE_Volume_104,30,0.00115745265884923,0.00121356869119319,0.00132795227473123,0.00149398675797224,0.00167495499836092,0.0018198553642798,0.00189822052777858
H_MUSE_Volume_104,31,0.00115003464860338,0.00120639677121093,0.00132081640272221,0.00148611393031072,0.00166619666299352,0.00181100369233651,0.00188964265947034
H_MUSE_Volume_104,32,0.00114262512174199,0.00119923857294852,0.00131369565800885,0.0014782411026492,0.00165742117901936,0.00180213433323642,0.00188105275752749
H_MUSE_Volume_104,33,0.00113522748773702,0.00119209739623933,0.00130659350096024,0.00147037271377315,0.00164863414561065,0.001793253157161,0.00187245652467586
H_MUSE_Volume_104,34,0.00112785863675541,0.00118498870033748,0.00129952580040107,0.00146253095760994,0.00163986505351825,0.00178439068739489,0.00186388259008888
H_MUSE_Volume_104,35,0.00112053445377244,0.00117792685099255,0.001292507187336,0.00145473668915918,0.00163114192652247,0.00177557579302372,0.00185535780763277
H_MUSE_Volume_104,36,0.00111325325582863,0.00117091027754578,0.00128553597355905,0.00144698765256776,0.00162246187505052,0.00176680538036877,0.00184687919936568
H_MUSE_Volume_104,37,0.00110601059837217,0.00116393496129585,0.00127860799898242,0.00143927796294032,0.00161381705503472,0.00175807127376689,0.0018384391160864
H_MUSE_Volume_104,38,0.00109880775601854,0.0011570020240091,0.00127172433565121,0.00143160925178332,0.00160520976036461,0.00174937574331632,0.0018300395967517
H_MUSE_Volume_104,39,0.00109164457285293,0.00115011130052543,0.00126488474314932,0.00142398126703194,0.0015966397461767,0.00174071844067388,0.00182168024933059
H_MUSE_Volume_104,40,0.00108452087144228,0.00114326260239496,0.00125808895390715,0.00141639372697541,0.00158810673547497,0.00173209898103567,0.00181336064255933
H_MUSE_Volume_104,41,0.00107743647378566,0.0011364557394522,0.00125133669643694,0.00140884634651868,0.00157961044870253,0.0017235169748545,0.00180508033852302
H_MUSE_Volume_104,42,0.00107039119498597,0.00112969051401754,0.00124462768895686,0.00140133882711068,0.00157115058943353,0.00171497201247044,0.00179683887787297
H_MUSE_Volume_104,43,0.00106338485919996,0.00112296673531098,0.00123796165417467,0.0013938708779595,0.00156272687292988,0.00170646369370108,0.00178863580744785
H_MUSE_Volume_104,44,0.00105641727456198,0.00111628419505193,0.00123133829294664,0.00138644218120201,0.00155433898169078,0.00169799158034569,0.00178047063348483
H_MUSE_Volume_104,45,0.00104948825702214,0.00110964269177573,0.00122475731128918,0.00137905242570194,0.00154598660687661,0.00168955524148774,0.00177234286782967
H_MUSE_Volume_104,46,0.00104259763680963,0.0011030420376825,0.00121821842768868,0.00137170131442912,0.00153766945567883,0.00168115426131553,0.00176425203619907
H_MUSE_Volume_104,47,0.00103574526927753,0.00109648206987856,0.00121172138514215,0.00136438857759592,0.00152938726559104,0.00167278825430461,0.00175619769381957
H_MUSE_Volume_104,48,0.00102893101713555,0.00108996263194053,0.00120526593145454,0.00135711395123324,0.00152113978118649,0.00166445684061927,0.00174817940006978
H_MUSE_Volume_104,49,0.00102215475202407,0.00108348357554378,0.00119885182102443,0.00134987717923128,0.00151292675643145,0.00165615964865962,0.00174019672112025
H_MUSE_Volume_104,50,0.00101541637917979,0.00107704478618267,0.00119247884266203,0.00134267804406058,0.00150474798849132,0.00164789635138594,0.00173224926760632
H_MUSE_Volume_104,51,0.00100871581948684,0.00107064616446601,0.0011861467994197,0.00133551634455036,0.00149660329331111,0.0016396666401836,0.00172433666754168
H_MUSE_Volume_104,52,0.00100205299638429,0.00106428761243015,0.00117985549379262,0.00132839187958408,0.00148849248770181,0.00163147020566287,0.00171645854637879
H_MUSE_Volume_104,53,0.00099542781188667,0.00105796900830853,0.00117360470022063,0.00132130441772533,0.00148041535593954,0.0016233067016954,0.00170861448954156
H_MUSE_Volume_104,54,0.000988840144957403,0.0010516902047145,0.00116739416302383,0.0013142536949643,0.00147237164731361,0.00161517574272551,0.00170080403952764
H_MUSE_Volume_104,55,0.000982289878006767,0.00104545105639612,0.00116122362658109,0.00130723944811356,0.00146436111289907,0.00160707694336028,0.00169302673704277
H_MUSE_Volume_104,56,0.000975776909169518,0.00103925143361806,0.00115509285085772,0.00130026143319073,0.00145638352708091,0.00159900994277498,0.00168528214710814
H_MUSE_Volume_104,57,0.000969301173358353,0.00103309124534693,0.0011490016386221,0.00129331945784708,0.00144843872572675,0.00159097444828359,0.0016775699059181
H_MUSE_Volume_104,58,0.000962862615004498,0.00102697040940012,0.00114294980066957,0.00128641333999791,0.00144052655748899,0.00158297018004931,0.0016698896615758
H_MUSE_Volume_104,59,0.000956461197304602,0.00102088886218918,0.00113693716646655,0.00127954291951331,0.00143264689657629,0.00157499688491291,0.00166224108854962
H_MUSE_Volume_104,60,0.000950097027576338,0.00101484669338423,0.00113096373560497,0.00127270823024512,0.00142479983697631,0.00156705455157945,0.00165462411581045
H_MUSE_Volume_104,61,0.000943770288142426,0.00100884407220038,0.00112502959548959,0.00126590940648684,0.00141698558671389,0.00155914329404057,0.00164703880380389
H_MUSE_Volume_104,62,0.00093748116013971,0.00100288116570173,0.00111913482963668,0.00125914657875317,0.00140920435007555,0.00155126322128599,0.00163948520649348
H_MUSE_Volume_104,63,0.000931229863281057,0.0009969581804212,0.0011132795623972,0.00125241992184599,0.00140145637906158,0.00154341449207315,0.00163196342819915
H_MUSE_Volume_104,64,0.000925016671981392,0.000991075379339633,0.00110746397731207,0.00124572967457805,0.00139374199448959,0.00153559733751482,0.00162447364714132
H_MUSE_Volume_104,65,0.000918841860145892,0.000985233024070079,0.00110168825498358,0.00123907607292718,0.00138606151433874,0.00152781198485135,0.00161701603632001
H_MUSE_Volume_104,66,0.000912705708004721,0.000979431381793991,0.00109595258018003,0.00123245935726987,0.00137841526106194,0.00152005866485508,0.00160959077094277
H_MUSE_Volume_104,67,0.00090660853538848,0.000973670759567347,0.00109025717773107,0.00122587980975244,0.00137080360031894,0.00151233765193603,0.00160219806937671
H_MUSE_Volume_104,68,0.000900550667346581,0.000967951468864395,0.00108460227545524,0.00121933771569476,0.00136322690096745,0.00150464922280547,0.0015948381509481
H_MUSE_Volume_104,69,0.000894532411201255,0.00096227380145211,0.00107898807813089,0.00121283333552364,0.00135568550489057,0.00149699362424365,0.0015875112023602
H_MUSE_Volume_104,70,0.000888553915297763,0.000956637878461262,0.00107341460008864,0.00120636671871941,0.00134817952110388,0.0014893708474886,0.00158021713936729
H_MUSE_Volume_104,71,0.000882615219360207,0.000951043703539881,0.00106788172359588,0.00119993776887121,0.00134070889795468,0.00148178070686726,0.00157295568920479
H_MUSE_Volume_104,72,0.000876716361992182,0.000945491277324871,0.0010623893255096,0.00119354638453597,0.00133327357910846,0.00147422301048456,0.001565726570537
H_MUSE_Volume_104,73,0.000870857332657631,0.000939980545070268,0.00105693721773532,0.00118719239197541,0.00132587342805528,0.00146669747612558,0.00155852940359316
H_MUSE_Volume_104,74,0.000865038030577151,0.000934511351541675,0.00105152509573203,0.00118087548712967,0.00131850816315233,0.00145920365871404,0.00155136363238898
H_MUSE_Volume_104,75,0.000859258350675081,0.000929083534186293,0.00104615264402009,0.00117459535492961,0.0013111774916521,0.00145174109933522,0.00154422868349585
H_MUSE_Volume_104,76,0.000853518172385101,0.000923696910820515,0.00104081952209959,0.00116835165333482,0.00130388109172127,0.00144430930515214,0.00153712394450824
H_MUSE_Volume_104,77,0.000847817266989488,0.000918351178280342,0.00103552524879115,0.00116214388233041,0.00129661846508803,0.00143690758482773,0.00153004858789964
H_MUSE_Volume_104,78,0.000842155377320972,0.000913045998845216,0.00103026930032096,0.00115597149532939,0.00128938906267631,0.00142953518843852,0.00152300172011115
H_MUSE_Volume_104,79,0.000836532256801476,0.000907781042753286,0.00102505115882676,0.00114983395435298,0.00128219234689783,0.00142219137709975,0.00151598245594667
H_MUSE_Volume_104,80,0.000830947669180354,0.000902555989158512,0.00101987031543861,0.0011437307353406,0.00127502779940248,0.00141487543360955,0.00150898993123714
H_MUSE_Volume_104,81,0.000825401388343956,0.000897370525791557,0.00101472626976476,0.00113766132738718,0.00126789492000685,0.00140758666114462,0.00150202330136208
H_MUSE_Volume_104,82,0.000819893198451651,0.000892224347883765,0.00100961852691354,0.00113162522776677,0.00126079321948175,0.00140032437350504,0.00149508172964379
H_MUSE_Volume_104,83,0.000814422935796681,0.000887117204085421,0.00100454665022014,0.00112562200190742,0.00125372228722057,0.00139308797103738,0.00148816446878734
H_MUSE_Volume_104,84,0.000808990546951831,0.000882048960652654,0.000999510335306512,0.00111965136757823,0.00124668188615266,0.00138587704742832,0.00148127097580397
H_MUSE_Volume_104,85,0.000803595999378986,0.000877019503529468,0.000994509297988359,0.00111371306731162,0.00123967180861993,0.0013786912283839,0.00147440073923612
H_MUSE_Volume_104,86,0.000798239266350433,0.000872028721632771,0.000989543254958491,0.0011078068462876,0.00123269185125003,0.00137153014335077,0.00146755324871607
H_MUSE_Volume_104,87,0.000792920329288825,0.000867076508627119,0.00098461192470117,0.00110193245229225,0.00122574181382151,0.00136439342317114,0.00146072799171319
H_MUSE_Volume_104,88,0.000787639176187961,0.000862162761588573,0.000979715026751311,0.00109608963569943,0.00121882150004419,0.00135728070176766,0.00145392445578858
H_MUSE_Volume_104,89,0.000782395800680535,0.000857287380284335,0.000974852281496461,0.00109027814986974,0.00121193071860737,0.00135019161796489,0.00144714213090998
H_MUSE_Volume_104,90,0.000777190211635368,0.000852450277503083,0.000970023421723842,0.00108449776377497,0.00120506929691797,0.00134312583068748,0.00144038052569259
H_MUSE_Volume_104,91,0.000772022434556829,0.000847651380549003,0.00096522819436127,0.00107874826391269,0.00119823708317608,0.00133608302134793,0.00143363916999633
H_MUSE_Volume_104,92,0.000766892500291546,0.000842890618977229,0.000960466346895828,0.00107302943953294,0.00119143393032861,0.00132906287628178,0.00142691759619433
H_MUSE_Volume_104,93,0.000761800445008085,0.000838167924588363,0.000955737627564715,0.00106734108304034,0.00118465969668199,0.00132206508764366,0.00142021534021683
H_MUSE_Volume_104,94,0.000756746311636129,0.000833483233125007,0.000951041787628034,0.00106168299282232,0.0011779142493084,0.00131508935756226,0.00141353194620166
H_MUSE_Volume_104,95,0.000751730148133032,0.000828836482053471,0.000946378578551652,0.00105605496981178,0.00117119745992963,0.00130813539332327,0.00140686696114362
H_MUSE_Volume_104,96,0.000746751523089533,0.000824227234547702,0.000941747315999743,0.00105045595787044,0.00116450788357717,0.00130120147566903,0.00140021862092509
H_MUSE_Volume_104,97,0.000741811808489685,0.000819656456797724,0.000937148939246174,0.00104488808424778,0.00115784895836888,0.00129429117664976,0.00139359002005065
H_MUSE_Volume_105,21,0.000441339841469343,0.000543608937948696,0.00071449611409736,0.0009043641733922,0.00109423223268704,0.0012651194088357,0.00136738850531506
H_MUSE_Volume_105,22,0.000467794370173723,0.000568805510888657,0.000737590698111029,0.000925123295102091,0.00111265589209315,0.00128144107931553,0.00138245222003046
H_MUSE_Volume_105,23,0.000494248898878102,0.000594002083828617,0.000760685282124698,0.000945882416811982,0.00113107955149927,0.00129776274979535,0.00139751593474586
H_MUSE_Volume_105,24,0.000520703427582482,0.000619198656768578,0.000783779866138367,0.000966641538521874,0.00114950321090538,0.00131408442027517,0.00141257964946126
H_MUSE_Volume_105,25,0.000547157956286861,0.000644395229708539,0.000806874450152036,0.000987400660231765,0.00116792687031149,0.00133040609075499,0.00142764336417667
H_MUSE_Volume_105,26,0.000573612484991241,0.0006695918026485,0.000829969034165705,0.00100815978194166,0.00118635052971761,0.00134672776123481,0.00144270707889207
H_MUSE_Volume_105,27,0.000600067013695621,0.000694788375588461,0.000853063618179374,0.00102891890365155,0.00120477418912372,0.00136304943171463,0.00145777079360747
H_MUSE_Volume_105,28,0.0006265215424,0.000719984948528422,0.000876158202193043,0.00104967802536144,0.00122319784852983,0.00137937110219445,0.00147283450832288
H_MUSE_Volume_105,29,0.00065297607110438,0.000745181521468382,0.000899252786206712,0.00107043714707133,0.00124162150793595,0.00139569277267428,0.00148789822303828
H_MUSE_Volume_105,30,0.000679430599808759,0.000770378094408343,0.000922347370220381,0.00109119626878122,0.00126004516734206,0.0014120144431541,0.00150296193775368
H_MUSE_Volume_105,31,0.000705885128513139,0.000795574667348304,0.00094544195423405,0.00111195539049111,0.00127846882674817,0.00142833611363392,0.00151802565246908
H_MUSE_Volume_105,32,0.000732339657217519,0.000820771240288265,0.000968536538247719,0.001132714512201,0.00129689248615429,0.00144465778411374,0.00153308936718449
H_MUSE_Volume_105,33,0.000758510418103395,0.000845686271317144,0.000991353299744011,0.00115319994390995,0.0013150465880759,0.00146071361650277,0.00154788946971651
H_MUSE_Volume_105,34,0.000782978572078251,0.000868912050879531,0.00101250312613604,0.00117204323561327,0.0013315833450905,0.00147517442034701,0.00156110789914829
H_MUSE_Volume_105,35,0.000804044425268438,0.000888760149487189,0.00103031641022969,0.00118759569305213,0.00134487497587457,0.00148643123661707,0.00157114696083582
H_MUSE_Volume_105,36,0.000820019935949796,0.000903545425564889,0.00104311285647144,0.00119818240495495,0.00135325195343845,0.001492819384345,0.00157634487396009
H_MUSE_Volume_105,37,0.000829126562992181,0.000911491473008077,0.00104911962629089,0.00120203449654077,0.00135494936679064,0.00149257752007346,0.00157494243008935
H_MUSE_Volume_105,38,0.000829206666013617,0.000910447376579829,0.00104619704187362,0.00119702477558744,0.00134785250930126,0.00148360217459505,0.00156484288516126
H_MUSE_Volume_105,39,0.000819359419494927,0.000899517233522448,0.00103345742618053,0.00118227470442641,0.00133109198267229,0.00146503217533037,0.00154518998935789
H_MUSE_Volume_105,40,0.000804503357710916,0.000883622641531634,0.00101582749574932,0.00116271668700046,0.00130960587825161,0.00144181073246929,0.00152093001629001
H_MUSE_Volume_105,41,0.000791745994538459,0.000869873602617755,0.00100042141015232,0.00114546950223514,0.00129051759431796,0.00142106540185252,0.00149919300993182
H_MUSE_Volume_105,42,0.000786412035481538,0.000863596860839775,0.000992569319784493,0.00113586708521198,0.00127916485063947,0.00140813730958419,0.00148532213494243
H_MUSE_Volume_105,43,0.000791879774350077,0.000868172398670225,0.000995654028799547,0.00113729537517735,0.00127893672155515,0.00140641835168447,0.00148271097600462
H_MUSE_Volume_105,44,0.000806366722269327,0.000881818495820366,0.00100789510118227,0.00114797536303715,0.00128805562489203,0.00141413223025393,0.00148958400380497
H_MUSE_Volume_105,45,0.000828351257916015,0.000903014347990251,0.00102777309784286,0.00116638912654917,0.00130500515525549,0.0014297639051081,0.00150442699518233
H_MUSE_Volume_105,46,0.000854335272325545,0.000928262651644019,0.00105179206108156,0.00118904220333529,0.00132629234558903,0.00144982175502657,0.00152374913434504
H_MUSE_Volume_105,47,0.000876361060721243,0.000949606486189341,0.0010719963806437,0.0012079804390211,0.00134396449739851,0.00146635439185287,0.00153959981732096
H_MUSE_Volume_105,48,0.000885859586457126,0.00095847762495496,0.00107981918329028,0.00121463846412909,0.00134945774496791,0.00147079930330323,0.00154341734180106
H_MUSE_Volume_105,49,0.000875961248252531,0.000948007854135213,0.00106839457362552,0.0012021529591852,0.00133591134474488,0.00145629806423519,0.00152834467011787
H_MUSE_Volume_105,50,0.000851214711872686,0.000922750832695838,0.00104228455403429,0.00117509519671866,0.00130790583940304,0.00142743956074149,0.00149897568156464
H_MUSE_Volume_105,51,0.000820871243778933,0.000891964245987116,0.00101075753554884,0.00114274550477311,0.00127473347399739,0.00139352676355911,0.00146461976576729
H_MUSE_Volume_105,52,0.000794079584654081,0.000864803162090357,0.000982979159055937,0.00111428127138979,0.00124558338372365,0.00136375938068923,0.00143448295812551
H_MUSE_Volume_105,53,0.00077677580920649,0.000847207820330627,0.000964896622772574,0.00109565742661983,0.00122641823046708,0.00134410703290903,0.00141453904403316
H_MUSE_Volume_105,54,0.000771366400915059,0.000841586596471261,0.000958921464386409,0.00108928902127836,0.00121965657817031,0.00133699144608546,0.00140721164164166
H_MUSE_Volume_105,55,0.000780073750534753,0.000850163878427911,0.000967281408981031,0.00109740748828484,0.00122753356758865,0.00134465109814177,0.00141474122603493
H_MUSE_Volume_105,56,0.000801770293879444,0.000871812645232553,0.000988850343282052,0.00111888772287841,0.00124892510247477,0.00136596280052427,0.00143600515187738
H_MUSE_Volume_105,57,0.000825318303741685,0.000895390875134452,0.0010124790695452,0.00114257255426499,0.00127266603898478,0.00138975423339553,0.00145982680478829
H_MUSE_Volume_105,58,0.000837717056558967,0.000907892858726472,0.00102515354723557,0.00115543868542189,0.00128572382360821,0.00140298451211731,0.00147316031428482
H_MUSE_Volume_105,59,0.000827740671341584,0.000898087607600852,0.00101563425367378,0.00114623711147434,0.00127683996927491,0.00139438661534783,0.0014647335516071
H_MUSE_Volume_105,60,0.000800582956120869,0.000871160908038329,0.000989093571147032,0.0011201253218996,0.00125115707265217,0.00136908973576087,0.00143966768767833
H_MUSE_Volume_105,61,0.000770319227300992,0.000841178444600181,0.000959581089829454,0.00109113502483918,0.00122268895984891,0.00134109160507818,0.00141195082237737
H_MUSE_Volume_105,62,0.000750922162128471,0.000822103240551893,0.000941043701607506,0.00107319518904631,0.00120534667648511,0.00132428713754073,0.00139546821596415
H_MUSE_Volume_105,63,0.000747248641625541,0.000818784030675236,0.000938316529252325,0.00107112581336005,0.00120393509746778,0.00132346759604487,0.00139500298509456
H_MUSE_Volume_105,64,0.000751201664408185,0.000823117848837401,0.0009432866397974,0.00107680289093805,0.00121031914207871,0.00133048793303871,0.00140240411746792
H_MUSE_Volume_105,65,0.000753697259842352,0.000826014834280818,0.000946854330347015,0.00108111578355457,0.00121537723676213,0.00133621673282832,0.00140853430726679
H_MUSE_Volume_105,66,0.000747925485533068,0.000820658444510764,0.000942192029929156,0.00107722466679864,0.00121225730366812,0.00133379088908651,0.00140652384806421
H_MUSE_Volume_105,67,0.000736171100594661,0.000809324310385949,0.000931560116487627,0.00106737297151822,0.00120318582654881,0.00132542163265049,0.00139857484244178
H_MUSE_Volume_105,68,0.000722993345918323,0.000796561734391903,0.000919491285867858,0.00105607494237594,0.00119265859888402,0.00131558815035997,0.00138915653883355
H_MUSE_Volume_105,69,0.00071268445689043,0.000786653160690234,0.00091025162152417,0.00104757848489251,0.00118490534826085,0.00130850380909478,0.00138247251289459
H_MUSE_Volume_105,70,0.000706021178148786,0.000780370243434969,0.0009046042716354,0.00104263729649079,0.00118067032134618,0.00130490434954662,0.0013792534148328
H_MUSE_Volume_105,71,0.000701305990784564,0.000776013756016109,0.00090084715609776,0.00103954612662823,0.00117824509715871,0.00130307849724036,0.0013777862624719
H_MUSE_Volume_105,72,0.000696794861819477,0.000771837962970027,0.000897231694669271,0.00103655323430757,0.00117587477394587,0.00130126850564512,0.00137631160679567
H_MUSE_Volume_105,73,0.000691255162286235,0.000766602493643445,0.000892504580678807,0.00103239094000268,0.00117227729932656,0.00129817938636192,0.00137352671771913
H_MUSE_Volume_105,74,0.000684400271892015,0.00076000170289817,0.000886328379305721,0.00102668648824775,0.00116704459718977,0.00129337127359732,0.00136897270460348
H_MUSE_Volume_105,75,0.000676046619056511,0.000751831610213129,0.000878465007583767,0.00101916390578405,0.00115986280398434,0.00128649620135498,0.00136228119251159
H_MUSE_Volume_105,76,0.00066646309265017,0.000742337696479766,0.000869120832697813,0.00100998610162877,0.00115085137055973,0.00127763450677778,0.00135350911060738
H_MUSE_Volume_105,77,0.000658349397123114,0.000734180479469132,0.000860890893196353,0.00100167536216027,0.00114245983112419,0.00126917024485142,0.00134500132719743
H_MUSE_Volume_105,78,0.000655215711939169,0.000730826297660458,0.000857168271195602,0.000997543376356971,0.00113791848151834,0.00126426045505348,0.00133987104077477
H_MUSE_Volume_105,79,0.000660307012656786,0.00073547928429661,0.000861088854219848,0.00100065020579509,0.00114021155737034,0.00126582112729358,0.0013409933989334
H_MUSE_Volume_105,80,0.000671804739715624,0.000746310401978019,0.000870806096859582,0.001009129852395,0.00114745360793041,0.00127194930281197,0.00134645496507437
H_MUSE_Volume_105,81,0.000683281761954637,0.000756909481092204,0.000879938171506281,0.00101663197857221,0.00115332578563813,0.00127635447605221,0.00134998219518978
H_MUSE_Volume_105,82,0.000688147030938009,0.000760704693027105,0.000881945365030675,0.00101665255383046,0.00115135974263024,0.00127260041463381,0.00134515807672291
H_MUSE_Volume_105,83,0.000682970632728196,0.000754291849548725,0.000873466475721427,0.00100587813760596,0.00113828979949049,0.00125746442566319,0.00132878564248372
H_MUSE_Volume_105,84,0.000672009232766482,0.000741966782756726,0.000858862781447058,0.000988742722767856,0.00111862266408865,0.00123551866277899,0.00130547621276923
H_MUSE_Volume_105,85,0.000660670896430945,0.000729177125122102,0.000843648029555974,0.000970833515093382,0.00109801900063079,0.00121248990506466,0.00128099613375582
H_MUSE_Volume_105,86,0.000653730891303203,0.000720734046932664,0.000832693382183855,0.000957088332016666,0.00108148328184948,0.00119344261710067,0.00126044577273013
H_MUSE_Volume_105,87,0.000651282971380862,0.000716754679899405,0.000826155034175743,0.000947706770360709,0.00106925850654568,0.00117865886082201,0.00124413056934056
H_MUSE_Volume_105,88,0.000651348359837477,0.00071527756120424,0.000822100453662385,0.000940788442640825,0.00105947643161927,0.00116629932407741,0.00123022852544417
H_MUSE_Volume_105,89,0.000652028290612994,0.000714419723066979,0.000818673071096548,0.000934506109663138,0.00105033914822973,0.0011545924962593,0.00121698392871328
H_MUSE_Volume_105,90,0.00065404033059459,0.000714908995042801,0.000816617864501675,0.000929623802644328,0.00104262974078698,0.00114433861024586,0.00120520727469407
H_MUSE_Volume_105,91,0.000661174476712873,0.000720539922106523,0.000819736978435037,0.000929952109829512,0.00104016724122399,0.0011393642975525,0.00119872974294615
H_MUSE_Volume_105,92,0.00067739838177944,0.000735284020451122,0.000832008384630508,0.00093947617552718,0.00104694396642385,0.00114366833060324,0.00120155396927492
H_MUSE_Volume_105,93,0.000705007876248554,0.000761440276437588,0.000855736342830845,0.000960506118590083,0.00106527589434932,0.00115957196074258,0.00121600436093161
H_MUSE_Volume_105,94,0.000740904366706726,0.000795911886778546,0.000887827040970919,0.000989951450418176,0.00109207585986543,0.00118399101405781,0.00123899853412963
H_MUSE_Volume_105,95,0.000780903657260548,0.000834516034696496,0.000924099966715444,0.00102363421907878,0.00112316847144211,0.00121275240346106,0.00126636478089701
H_MUSE_Volume_105,96,0.000820993890723657,0.000873241112124702,0.000960543928265659,0.00105754369527707,0.00115454346228847,0.00124184627842943,0.00129409349983047
H_MUSE_Volume_105,97,0.000860069660253314,0.000910984839180966,0.000996061870753324,0.00109058862951465,0.00118511538827598,0.00127019241984834,0.00132110759877599
H_MUSE_Volume_108,21,0.00143451026554832,0.00158170234890512,0.00185949314611025,0.00222119127536112,0.00264769844753875,0.00309574818607127,0.00339673436123049
H_MUSE_Volume_108,22,0.00144042308721778,0.00158704057259726,0.00186324726119817,0.00222199277990031,0.00264386541973926,0.00308585138609102,0.00338214141844458
H_MUSE_Volume_108,23,0.00144639013181819,0.00159241687275898,0.00186701539183377,0.0022227942844395,0.00264004730998384,0.00307602711984529,0.00336768565140028
H_MUSE_Volume_108,24,0.00145241158380512,0.00159783129158129,0.00187079750370625,0.00222359578897869,0.00263624389351936,0.00306627406064052,0.00335336423049083
H_MUSE_Volume_108,25,0.00145848761989593,0.00160328386608113,0.00187459356122705,0.00222439729351788,0.00263245494811593,0.00305659090743633,0.00333917439276568
H_MUSE_Volume_108,26,0.00146461840887484,0.00160877462802289,0.00187840352752637,0.00222519879805707,0.00262868025401682,0.00304697638414744,0.0033251134398274
H_MUSE_Volume_108,27,0.00147080411139876,0.00161430360384107,0.00188222736444987,0.00222600030259626,0.00262491959388918,0.00303742923896697,0.00331117873580555
H_MUSE_Volume_108,28,0.00147704487980412,0.00161987081456423,0.0018860650325557,0.00222680180713545,0.00262117275277592,0.00302794824371057,0.00329736770540406
H_MUSE_Volume_108,29,0.00148334085791495,0.00162547627574028,0.00188991649111178,0.00222760331167465,0.00261743951804831,0.00301853219318049,0.00328367783201915
H_MUSE_Volume_108,30,0.0014896921808522,0.0016311199973631,0.0018937816980934,0.00222840481621384,0.00261371967935968,0.00300917990454888,0.00327010665592468
H_MUSE_Volume_108,31,0.00149609897484477,0.00163680198380072,0.00189766061018106,0.00222920632075303,0.00261001302859988,0.00299989021675971,0.00325665177252199
H_MUSE_Volume_108,32,0.00150256135704218,0.001642522233725,0.00190155318275869,0.00223000782529222,0.00260631935985066,0.00299066198994843,0.00324331083065168
H_MUSE_Volume_108,33,0.00150907280973743,0.00164827504854233,0.00190545567726346,0.00223080860264423,0.00260264163310009,0.00298150169759112,0.00323009225133285
H_MUSE_Volume_108,34,0.00151559998167484,0.0016540317397018,0.00190934950603264,0.00223160501687322,0.00259899540943723,0.00297244593096358,0.00321704688464733
H_MUSE_Volume_108,35,0.00152211227147338,0.0016597663401193,0.00191321851733132,0.00223239508743588,0.00259539647474899,0.00296352950704924,0.00320422222357644
H_MUSE_Volume_108,36,0.00152861965436014,0.00166548862046543,0.00191707181521986,0.0022331863641078,0.00259184935124439,0.00295475220083674,0.00319161389369856
H_MUSE_Volume_108,37,0.00153513956374027,0.00167121527223458,0.00192092426660773,0.00223399045179369,0.00258836042318659,0.00294611323657147,0.00317921532416901
H_MUSE_Volume_108,38,0.00154167891721529,0.00167695519831107,0.00192478858125454,0.00223482486278203,0.00258495227599814,0.00293763953122631,0.00316705566222641
H_MUSE_Volume_108,39,0.00154824588369274,0.00168271851990807,0.00192867856759762,0.00223570796334536,0.00258164797047483,0.00292935801643876,0.00315516374215192
H_MUSE_Volume_108,40,0.00155484049264009,0.00168851037944183,0.00193260939004275,0.00223666824586292,0.00257849154405843,0.00292132839302832,0.00314360924888195
H_MUSE_Volume_108,41,0.0015614629746928,0.00169433717139905,0.00193659941815766,0.00223773987268892,0.00257553548946128,0.00291362161252202,0.00313247493055743
H_MUSE_Volume_108,42,0.00156810506032391,0.00170019629405777,0.00194065701649572,0.00223894556287974,0.00257281901520888,0.00290629328359716,0.00312182675785185
H_MUSE_Volume_108,43,0.00157474813179388,0.00170607440243431,0.0019447790234925,0.00224029542108936,0.00257036734998775,0.00289938353216445,0.00311171418316385
H_MUSE_Volume_108,44,0.0015813462074233,0.00171192958195323,0.0019489315394102,0.00224176614843577,0.00256816934933974,0.00289289315323019,0.00310214542195588
H_MUSE_Volume_108,45,0.00158785490020075,0.0017177216074193,0.00195308238772683,0.00224333598356213,0.00256621493630403,0.00288682330483146,0.00309312849124705
H_MUSE_Volume_108,46,0.00159419626490943,0.00172337593636651,0.00195716384973832,0.00224494633289482,0.00256445600162035,0.00288113613079513,0.00308463186253349
H_MUSE_Volume_108,47,0.00160021579196452,0.00172873978890193,0.00196102741615832,0.00224645538277643,0.00256275928858091,0.00287570739559969,0.00307653715099533
H_MUSE_Volume_108,48,0.00160574788658369,0.00173364921901306,0.00196451319966573,0.00224770955874475,0.00256097919983752,0.00287039980001216,0.00306871237352442
H_MUSE_Volume_108,49,0.00161062330895499,0.00173793625960352,0.00196745644768907,0.00224854911564825,0.00255896221285148,0.00286506610636912,0.00306101418957881
H_MUSE_Volume_108,50,0.00161465136589361,0.00174140811147176,0.00196966115270698,0.00224877467247175,0.00255650534775176,0.00285949943856571,0.00305323287868977
H_MUSE_Volume_108,51,0.0016176323510077,0.00174386166801138,0.00197091854195634,0.00224817088480155,0.00255338593369178,0.00285346939612734,0.00304513267797403
H_MUSE_Volume_108,52,0.00161936833906835,0.00174509567238474,0.00197102179074728,0.00224652444348192,0.00254938340835376,0.00284674775693194,0.00303648005564563
H_MUSE_Volume_108,53,0.00161970306145207,0.00174494889083139,0.00196980057827613,0.00224365337819738,0.0025443019445602,0.00283912376366269,0.00302705395743923
H_MUSE_Volume_108,54,0.00161852664576463,0.00174330463173278,0.00196712522177609,0.0022394107558486,0.00253797372648618,0.00283040705261623,0.00301664855087013
H_MUSE_Volume_108,55,0.00161573436654979,0.00174005128680106,0.00196287108853741,0.00223365480558812,0.00253023643239067,0.00282041330453713,0.00300506451956862
H_MUSE_Volume_108,56,0.00161124703880891,0.00173510579799411,0.00195694774615859,0.00222628523371767,0.00252097766659265,0.00280901684557393,0.00299216696275266
H_MUSE_Volume_108,57,0.00160505459531635,0.00172846310160528,0.00194935917585222,0.00221731689170189,0.00251022373912176,0.00279625452028421,0.00297799900582084
H_MUSE_Volume_108,58,0.00159716289342737,0.00172013559215045,0.00194012965644122,0.00220678851691271,0.00249802892914165,0.0027821952780781,0.00296263857886058
H_MUSE_Volume_108,59,0.0015875923632686,0.00171015023965569,0.0019292979819037,0.00219475319176195,0.00248446157556115,0.0027669217704547,0.00294617705468424
H_MUSE_Volume_108,60,0.00157646757495547,0.00169863929728103,0.00191700956011475,0.00218137116471939,0.00246969666704651,0.00275062184306876,0.00292880965163953
H_MUSE_Volume_108,61,0.00156396736645603,0.00168578980138623,0.0019034651702984,0.00216685828307424,0.00245396454215859,0.00273353804017139,0.00291078569718704
H_MUSE_Volume_108,62,0.00155026881854073,0.00167178677743146,0.00188886319410636,0.00215142763940315,0.00243749253058976,0.00271590978366612,0.00289235139272579
H_MUSE_Volume_108,63,0.00153556150621751,0.00165682314133624,0.00187340111788862,0.0021352799847115,0.0024204823037363,0.00269793717315785,0.0028737046506017
H_MUSE_Volume_108,64,0.00152005351954196,0.00164110391042836,0.00185727625031565,0.00211859985035224,0.00240310061788134,0.00267976619322417,0.00285497666419773
H_MUSE_Volume_108,65,0.00150394960331119,0.00162483027138813,0.0018406812204018,0.00210156612139573,0.00238550763854525,0.00266153545225594,0.0028362908293446
H_MUSE_Volume_108,66,0.00148745572412869,0.00160820327083796,0.00182380593019087,0.00208435163419014,0.00236785370723492,0.00264336996933821,0.00281775454228993
H_MUSE_Volume_108,67,0.00147079885976716,0.00159143949338568,0.00180684522134676,0.00206712018407392,0.00235026373828213,0.00262535246563106,0.00279942182001206
H_MUSE_Volume_108,68,0.0014542070698735,0.00157475528143686,0.00178999112183565,0.00205002939375407,0.00233285262428098,0.00260755179559917,0.00278133035583975
H_MUSE_Volume_108,69,0.00143790331212785,0.00155836185741135,0.00177343048749861,0.00203323167788101,0.00231573011078,0.0025900318725286,0.00276351312103621
H_MUSE_Volume_108,70,0.00142210953390604,0.00154246860937458,0.00175734672148174,0.00201687388858403,0.00229899800122913,0.00257284634954415,0.00274599138153923
H_MUSE_Volume_108,71,0.00140704570088111,0.00152728236659601,0.0017419195462626,0.00200109777438291,0.0022827514594475,0.00255604082641542,0.00272877751561465
H_MUSE_Volume_108,72,0.00139292638276019,0.00151300460487249,0.0017273234554191,0.00198604014623158,0.00226708125940304,0.00253965730853793,0.00271188095248665
H_MUSE_Volume_108,73,0.00137987785208313,0.00149975226763916,0.00171365643867935,0.00197177296460824,0.00225202808070431,0.00252370383052584,0.00269528815907452
H_MUSE_Volume_108,74,0.00136786975946955,0.00148749262017877,0.00170088156449731,0.0019582545328271,0.00223754562436406,0.00250813032874729,0.00267894708229508
H_MUSE_Volume_108,75,0.00135685637763072,0.00147617829501329,0.00168894893983104,0.00194543270808372,0.00222358039028798,0.00249288310973363,0.00266280448011058
H_MUSE_Volume_108,76,0.00134677554506644,0.00146574564384553,0.00167779294629101,0.0019332406970387,0.00221006580275053,0.00247789726081662,0.00264679720416091
H_MUSE_Volume_108,77,0.00133747134556327,0.00145603810064794,0.00166725761597046,0.00192152598336643,0.00219685611926068,0.00246303630098064,0.00263079587048328
H_MUSE_Volume_108,78,0.00132875956084709,0.00144687114873303,0.00165716001525489,0.00191011075651205,0.00218378256899309,0.00244814325332409,0.00261465233124362
H_MUSE_Volume_108,79,0.00132046250862141,0.00143806696381839,0.00164732415274359,0.00189882437406195,0.00217068367471107,0.00243306841990585,0.0025982256345494
H_MUSE_Volume_108,80,0.00131246006361948,0.00142950625092282,0.00163763385365834,0.0018875568951056,0.00215745890745253,0.00241772267235378,0.00258143487806689
H_MUSE_Volume_108,81,0.00130468324051024,0.00142112171506628,0.00162802607329797,0.00187625227273416,0.00214406182674516,0.00240207061438461,0.00256425242047124
H_MUSE_Volume_108,82,0.00129706600740093,0.00141284911611384,0.0016184409652502,0.00186485775619129,0.00213044929109835,0.00238608004341621,0.00254665369200724
H_MUSE_Volume_108,83,0.00128956347399776,0.00140464645248016,0.00160884276016683,0.00185334669917227,0.00211660624481551,0.00236974856078508,0.00252864491572816
H_MUSE_Volume_108,84,0.00128217979699604,0.00139652328078351,0.00159925147818828,0.00184175297427376,0.00210258288081799,0.00235314324874088,0.0025103043079717
H_MUSE_Volume_108,85,0.00127492595890721,0.00138849629772921,0.00158969476185311,0.00183011852862062,0.00208843780447422,0.00233633978650332,0.0024917187300665
H_MUSE_Volume_108,86,0.0012678126561973,0.00138058108591767,0.0015801975475201,0.001818480506986,0.00207422235189084,0.00231940402495002,0.00247296352193726
H_MUSE_Volume_108,87,0.00126085113087559,0.00137278825025967,0.0015707694587237,0.00180684761073711,0.00205994452158978,0.0023023435402503,0.00245404610666629
H_MUSE_Volume_108,88,0.00125405252886126,0.00136512593474036,0.00156141328148928,0.0017952162139489,0.00204559383044344,0.00228514131567412,0.00243494539639426
H_MUSE_Volume_108,89,0.00124742674441013,0.00135760126142711,0.00155213126584556,0.00178358284812417,0.00203116081168596,0.00226778226823103,0.00241564285236152
H_MUSE_Volume_108,90,0.00124096227644832,0.00135020457072386,0.00154291764644155,0.00177194731972105,0.0020166521943936,0.0022502805328038,0.00239615757746876
H_MUSE_Volume_108,91,0.00123462348024365,0.00134290734268171,0.00153375773421899,0.00176031315915138,0.00200209274861022,0.00223268258051253,0.00237655019837165
H_MUSE_Volume_108,92,0.00122837432156022,0.00133568084958305,0.00152463686076627,0.0017486840343345,0.00198750732409871,0.00221503473704694,0.00235688097474969
H_MUSE_Volume_108,93,0.00122218494419404,0.00132850180092721,0.00151554426720755,0.00173706537830737,0.00197291989602408,0.00219737963521018,0.00233720457971965
H_MUSE_Volume_108,94,0.00121604269610961,0.00132136204594568,0.00150648030662875,0.00172546840099744,0.00195835396350881,0.00217975300973134,0.00231756458199803
H_MUSE_Volume_108,95,0.00120993867171719,0.00131425669058846,0.00149744759594655,0.00171390520749783,0.00194383226265732,0.00216218808513113,0.00229800087669633
H_MUSE_Volume_108,96,0.00120386342209095,0.00130717996325155,0.00148844720742954,0.00170238544990244,0.00192937398412122,0.00214471339416522,0.00227854790549288
H_MUSE_Volume_108,97,0.00119781696012097,0.0013001346691631,0.0014794870531451,0.00169092330952774,0.00191500013542275,0.00212735650150951,0.00225923731969436
H_MUSE_Volume_109,21,0.00175853758285573,0.00184836966888683,0.00202340922718309,0.00226659256842846,0.00258458387547826,0.00296935958400782,0.00326711667160245
H_MUSE_Volume_109,22,0.00175686751114914,0.00184748531099632,0.00202377223634651,0.00226796739563041,0.00258580798163221,0.00296784787714051,0.00326137020603045
H_MUSE_Volume_109,23,0.00175516124846598,0.00184657789907427,0.00202412846397691,0.0022693420002003,0.00258703154143353,0.00296637591361286,0.00325577921054518
H_MUSE_Volume_109,24,0.00175341805976316,0.00184564704892924,0.0020244778815877,0.00227071648553604,0.00258825482507798,0.0029649435208247,0.00325033971315361
H_MUSE_Volume_109,25,0.00175163717775331,0.00184469235352667,0.00202482043882942,0.00227209091220188,0.0025894779916607,0.00296355021673573,0.00324504724876249
H_MUSE_Volume_109,26,0.00174981780503535,0.00184371338667551,0.00202515607044304,0.00227346531269937,0.00259070112827396,0.00296219533225265,0.00323989713153017
H_MUSE_Volume_109,27,0.00174795911550972,0.00184270970580558,0.00202548470164039,0.00227483970278646,0.00259192427945677,0.00296087810093399,0.00323488464729415
H_MUSE_Volume_109,28,0.00174606025502037,0.00184168085376914,0.00202580625182427,0.00227621408925086,0.00259314746712609,0.00295959771811739,0.00323000517435009
H_MUSE_Volume_109,29,0.00174412034130174,0.00184062635977741,0.00202612063685724,0.00227758847463822,0.00259437070254762,0.00295835337538192,0.00322525424826126
H_MUSE_Volume_109,30,0.00174213846338918,0.00183954573968737,0.002026427770258,0.00227896285975978,0.00259559399261386,0.00295714427784837,0.00322062758881371
H_MUSE_Volume_109,31,0.00174011368066668,0.00183843849587258,0.00202672756372829,0.00228033724482877,0.00259681734266142,0.00295596965128254,0.00321612110517931
H_MUSE_Volume_109,32,0.00173804502169151,0.00183730411686584,0.00202701992733111,0.00228171162988978,0.00259804075752643,0.00295482874411981,0.00321173089074419
H_MUSE_Volume_109,33,0.00173593228534299,0.00183614296126314,0.0020273058113829,0.00228308726871138,0.00259926575702204,0.00295372263202066,0.00320745522220247
H_MUSE_Volume_109,34,0.00173377842062661,0.00183495889192892,0.00202759032495426,0.00228447043010174,0.0026004999164424,0.00295265960190923,0.00320330051623388
H_MUSE_Volume_109,35,0.00173158773523104,0.00183375721405777,0.00202788015917656,0.00228586914395704,0.00260175280715628,0.00295165024623277,0.00319927585539468
H_MUSE_Volume_109,36,0.00172936709674751,0.00183254567115052,0.00202818423122846,0.00228729346948261,0.00260303596784787,0.002950707331286,0.00319539292555643
H_MUSE_Volume_109,37,0.00172712516496736,0.00183133383924688,0.00202851337195773,0.0022887555307761,0.00260436327149643,0.00294984636587696,0.00319166659145089
H_MUSE_Volume_109,38,0.0017248747294522,0.00183013564064246,0.00202888320321064,0.00229027293309155,0.00260575507651392,0.00294909064335272,0.00318812060201714
H_MUSE_Volume_109,39,0.0017226294964322,0.00182896599985618,0.00202931048384893,0.00229186456490251,0.00260723314315911,0.0029484648817763,0.00318478013286371
H_MUSE_Volume_109,40,0.00172041236893058,0.00182784955349484,0.00202982267346864,0.00229356137438208,0.00260883301507925,0.00294800953450794,0.00318168755274385
H_MUSE_Volume_109,41,0.00171825124777953,0.00182681624452876,0.00203045311814486,0.00229540097537584,0.00261059784815199,0.00294777366378686,0.00317889455669197
H_MUSE_Volume_109,42,0.00171616368292115,0.00182588524212865,0.00203122349290739,0.00229740794823112,0.00261255582092375,0.00294778883503817,0.00317643339322635
H_MUSE_Volume_109,43,0.00171415586701374,0.00182506386654367,0.00203214259147546,0.00229959245263287,0.00261471855896993,0.00294806740438353,0.00317431511731145
H_MUSE_Volume_109,44,0.00171220421554155,0.0018243282596347,0.00203318515948674,0.00230192642164686,0.0026170538483768,0.00294857114717406,0.0031724952302814
H_MUSE_Volume_109,45,0.00171028655940737,0.00182365604122333,0.00203432751715715,0.00230438351181321,0.00261953147242833,0.00294926432082945,0.00317093225895719
H_MUSE_Volume_109,46,0.00170834896234137,0.00182299129510065,0.00203550897160856,0.00230689560170117,0.00262207349181604,0.00295005687069407,0.00316952587079408
H_MUSE_Volume_109,47,0.00170626593080762,0.0018222024572185,0.00203658521533761,0.00230930012356883,0.00262449409966457,0.00295073606601772,0.0031680427843366
H_MUSE_Volume_109,48,0.001703902454307,0.00182114766928396,0.0020374001714944,0.00231142092711418,0.00262659207491181,0.002951072362308,0.00316623239253086
H_MUSE_Volume_109,49,0.00170112249344289,0.00181968362074504,0.00203779558543453,0.00231307901840465,0.00262816312097122,0.00295083368212747,0.00316384247412211
H_MUSE_Volume_109,50,0.00169778077262961,0.00181765628914476,0.00203760004919019,0.00231407983399981,0.00262898568748128,0.00294977030671002,0.00316060374109318
H_MUSE_Volume_109,51,0.0016937292185258,0.00181490802324157,0.00203663718996896,0.00231422264961883,0.00262883147572269,0.00294762609060102,0.00315624124712765
H_MUSE_Volume_109,52,0.00168882346067736,0.00181128456827493,0.00203473363393858,0.00231330966702596,0.00262747569085787,0.00294414972449669,0.00315048618962964
H_MUSE_Volume_109,53,0.0016829714478087,0.00180668456179216,0.00203177135017493,0.00231120414738789,0.00262476459948003,0.00293917475170441,0.00314316556073464
H_MUSE_Volume_109,54,0.00167613877160575,0.00180106486954648,0.002027693302174,0.0023078367927751,0.00262062285251434,0.00293262761467876,0.0031342103917121
H_MUSE_Volume_109,55,0.00166829703502822,0.00179438796566062,0.00202244783091741,0.00230314407316199,0.00261498171601138,0.00292444210618706,0.00312355926969346
H_MUSE_Volume_109,56,0.00165944664398124,0.00178664560696224,0.00201601435382117,0.00229709710343568,0.00260781228159309,0.00291459767123725,0.00311120033125905
H_MUSE_Volume_109,57,0.00164966676849271,0.00177791063229369,0.00200845949321707,0.00228976470199446,0.00259919805261127,0.00290320314484021,0.00309726299808864
H_MUSE_Volume_109,58,0.00163905255339378,0.00176827189125636,0.00199986683166415,0.00228123476782317,0.0025892442823524,0.00289039128685927,0.00308190151323372
H_MUSE_Volume_109,59,0.00162770402797343,0.00175782303876702,0.00199032519086165,0.00227160132380249,0.00257806288070927,0.00287630087898182,0.00306527493661115
H_MUSE_Volume_109,60,0.00161575428488814,0.00174669410511123,0.00197996573748457,0.00226100741839862,0.00256582059601374,0.00286112917439743,0.00304760194221886
H_MUSE_Volume_109,61,0.00160335287873316,0.00173503333818652,0.00196894114166061,0.00224962123460399,0.00255271215914432,0.00284510266995345,0.00302913042002066
H_MUSE_Volume_109,62,0.00159064742164688,0.00172298688501848,0.00195740203671743,0.00223760900170676,0.00253892983342773,0.00282844398330117,0.00301010300419735
H_MUSE_Volume_109,63,0.00157777631585655,0.00171069346382456,0.00194549389360799,0.00222513255454792,0.00252465957350215,0.00281136482438509,0.0029907472203751
H_MUSE_Volume_109,64,0.00156486529377257,0.00169828192751058,0.00193335566592792,0.00221234828018745,0.00251007943355679,0.00279406334727948,0.00297127201213205
H_MUSE_Volume_109,65,0.00155203591183297,0.0016858772957222,0.00192112288773108,0.00219940913907018,0.00249536340372392,0.00277673260473583,0.00295188050032545
H_MUSE_Volume_109,66,0.00153939055564176,0.00167358454748435,0.00190890926288666,0.00218644359010708,0.00248065750431567,0.00275953399223412,0.002932741799675
H_MUSE_Volume_109,67,0.0015269664370128,0.00166143962141962,0.00189675187690148,0.00217349321739565,0.00246600861069459,0.00274251709895763,0.00291390500962031
H_MUSE_Volume_109,68,0.00151478410729871,0.00164946095143046,0.00188466853858964,0.00216057778683883,0.0024514387321779,0.00272570369907629,0.0028953896920614
H_MUSE_Volume_109,69,0.00150286259524081,0.00163766546361104,0.00187267547728279,0.00214771528948979,0.00243696794743872,0.00270911378509484,0.00287721398248537
H_MUSE_Volume_109,70,0.00149121108831202,0.00162605823262029,0.00186077406673235,0.0021349061634478,0.00242259700587244,0.00269274750440362,0.0028593764917808
H_MUSE_Volume_109,71,0.00147983204736228,0.0016146362498439,0.00184895554643133,0.00212213885377125,0.00240831345753864,0.00267659152372759,0.00284186265964098
H_MUSE_Volume_109,72,0.00146872748516174,0.00160339629623357,0.00183721115609338,0.00210940185002062,0.00239410491886512,0.00266063278359027,0.00282465850271601
H_MUSE_Volume_109,73,0.00145789411937491,0.00159233267253613,0.00182553285901533,0.00209668575206025,0.00237996033149555,0.00264485714171325,0.00280774681651797
H_MUSE_Volume_109,74,0.00144731901161022,0.00158143505256061,0.00181391372799882,0.00208398475883698,0.00236587075599144,0.00262924800332913,0.00279110381219794
H_MUSE_Volume_109,75,0.00143698757583892,0.00157069239238527,0.0018023470278258,0.00207129358067367,0.00235182768875464,0.00261378909235445,0.00277470603623102
H_MUSE_Volume_109,76,0.00142687103983512,0.00156008018260573,0.00179081265642301,0.00205859226057852,0.00233780545088479,0.00259844390518535,0.00275850770963148
H_MUSE_Volume_109,77,0.0014168677626995,0.00154950319334272,0.00177921906012627,0.0020457822378664,0.00232368599944726,0.00258306563357166,0.00274233953871723
H_MUSE_Volume_109,78,0.00140685362805052,0.00153884461617077,0.00176745306886407,0.00203274115467228,0.00230932322047037,0.00256747390084476,0.0027259946758774
H_MUSE_Volume_109,79,0.00139670980156845,0.00152799324840435,0.00175540765514338,0.00201935350145385,0.00229457880454962,0.00255149731639954,0.00270927614949605
H_MUSE_Volume_109,80,0.00138637351664113,0.0015168966496887,0.00174304039994138,0.00200557694122408,0.00227939845591678,0.00253506027614857,0.00269209075502268
H_MUSE_Volume_109,81,0.00137583169491295,0.00150555436490689,0.00173036598200235,0.00199143383704657,0.00226380225189318,0.00251817205445454,0.0026744372765615
H_MUSE_Volume_109,82,0.00136507333477739,0.00149396791364044,0.00171740104181339,0.0019769487149013,0.00224781284235316,0.00250084503049905,0.00265631799048526
H_MUSE_Volume_109,83,0.00135410458090049,0.00148215501275895,0.00170417802785241,0.00196216327508676,0.00223147334636,0.00248311668428986,0.00263776380423137
H_MUSE_Volume_109,84,0.0013429720205627,0.00147017184067213,0.00169076721816475,0.00194716042680233,0.00221487590639986,0.00246508442874372,0.00261887386654599
H_MUSE_Volume_109,85,0.00133172682487721,0.00145807867992008,0.00167724262937304,0.00193202707229076,0.00219811762628996,0.00244685213048727,0.00259975495706004
H_MUSE_Volume_109,86,0.00132041716852425,0.00144593196022072,0.00166367323943048,0.00191684413640935,0.00218128911102236,0.00242851705674935,0.00258050736644869
H_MUSE_Volume_109,87,0.00130907992213053,0.00143377196767709,0.0016501053024924,0.00190166485781842,0.00216445092399979,0.00241014663065368,0.00256120273617348
H_MUSE_Volume_109,88,0.00129774650951558,0.00142163141173135,0.00163657457825063,0.00188652974680941,0.00214764979432218,0.00239179445499739,0.00254189936693844
H_MUSE_Volume_109,89,0.00128644711921553,0.00140954168220826,0.00162311535104115,0.00187147765191882,0.00213093059856431,0.00237351211215982,0.00252265344291114
H_MUSE_Volume_109,90,0.0012752046609731,0.00139752559914777,0.00160975138583834,0.00185653507078969,0.00211432441330887,0.00235533642791996,0.00250350598315493
H_MUSE_Volume_109,91,0.00126403399272996,0.00138559645384583,0.00159649469722061,0.00184171467438859,0.0020978468552796,0.0023372876972699,0.00248448102197793
H_MUSE_Volume_109,92,0.00125294912428978,0.00137376662870472,0.00158335627927713,0.00182702797431555,0.00208151222683227,0.00231938474698083,0.00246560102664775
H_MUSE_Volume_109,93,0.00124196095670001,0.00136204539666841,0.00157034387738996,0.00181248286540763,0.00206533061000604,0.00230164143142886,0.00244688294495008
H_MUSE_Volume_109,94,0.00123107143498474,0.0013504330261542,0.00155745576194308,0.00179807664719815,0.00204929971691105,0.00228405706199688,0.00242832761538453
H_MUSE_Volume_109,95,0.00122028075311219,0.00133892804754523,0.00154468840169557,0.00178380461351492,0.00203341490088044,0.00226662814010672,0.00240993273408821
H_MUSE_Volume_109,96,0.00120958678998759,0.00132752649858772,0.00153203543632704,0.00176965879287567,0.0020176677433224,0.00224934687554801,0.00239169136444728
H_MUSE_Volume_109,97,0.00119899333990607,0.00131623193782393,0.00151950034394034,0.00175564305517296,0.00200206303227232,0.00223221934514813,0.0023736105676544
H_MUSE_Volume_47,21,0.00270094966362827,0.00275406439119196,0.00285055072085043,0.00297170045890229,0.00311193280367167,0.00325987627146315,0.00336121066497802
H_MUSE_Volume_47,22,0.00269590168830143,0.00274974853677258,0.00284741278557521,0.00296976687135646,0.00311100791167466,0.00325955103187596,0.003361006896469
H_MUSE_Volume_47,23,0.00269080769020135,0.00274540449587979,0.00284426693010715,0.00296783328378085,0.00311007535855937,0.00325919954833599,0.00336076285999574
H_MUSE_Volume_47,24,0.00268566431444521,0.00274103033105129,0.00284111259997756,0.00296589969619235,0.00310913556039153,0.00325882373634973,0.00336048259919624
H_MUSE_Volume_47,25,0.00268046759196635,0.0027366237557306,0.00283794913680769,0.00296396610859868,0.00310818905506939,0.003258425976191,0.00336017103560452
H_MUSE_Volume_47,26,0.00267521274063303,0.00273218202070728,0.00283477574378341,0.00296203252100311,0.00310723654265614,0.00325800926500868,0.00335983425874292
H_MUSE_Volume_47,27,0.00266989387940508,0.00272770175091334,0.00283159143601679,0.00296009893340688,0.00310627894342013,0.00325757743629426,0.00335947994548783
H_MUSE_Volume_47,28,0.00266450360726254,0.00272317870507676,0.00282839496744747,0.00295816534581044,0.00310531748337625,0.0032571354841146,0.00335911798069956
H_MUSE_Volume_47,29,0.0026590323653456,0.00271860741181163,0.00282518472021433,0.00295623175821395,0.0031043538238355,0.00325669005527864,0.00335876140086757
H_MUSE_Volume_47,30,0.00265346743917207,0.00271398060077629,0.00282195853187804,0.00295429817061744,0.00310339026384936,0.00325625022022354,0.00335842787465504
H_MUSE_Volume_47,31,0.00264779133847484,0.00270928827990819,0.00281871341550784,0.00295236458302093,0.00310243006834263,0.00325582872560811,0.00335814211300244
H_MUSE_Volume_47,32,0.00264197904795163,0.00270451617156605,0.00281544508613485,0.00295043099542441,0.00310147802346417,0.00325544412016215,0.00335793996794991
H_MUSE_Volume_47,33,0.00263599323795159,0.00269964013622917,0.0028121416960958,0.00294849103186192,0.00310053391928884,0.00325511295496222,0.0033578586492932
H_MUSE_Volume_47,34,0.00262979418191858,0.00269462338001176,0.00280876932991962,0.00294651281250354,0.00309956782120339,0.003254806486205,0.00335786893225185
H_MUSE_Volume_47,35,0.0026233675041676,0.00268944285527293,0.00280529647955683,0.00294446113559011,0.0030985393805698,0.00325446707225342,0.0033578900026342
H_MUSE_Volume_47,36,0.00261668587907452,0.0026840755851875,0.00280170222915882,0.0029423130155093,0.00309742243818227,0.0032540674675319,0.00335789587271604
H_MUSE_Volume_47,37,0.00260970240553989,0.00267848882402748,0.00279796444390205,0.00294004720900718,0.00309619619304987,0.00325359860421322,0.00335789579205366
H_MUSE_Volume_47,38,0.00260238966313152,0.00267265919602538,0.00279406066945374,0.0029376378384808,0.00309483002399321,0.00325302611170467,0.00335785380749981
H_MUSE_Volume_47,39,0.002594718187555,0.00266656354825456,0.00278996980461172,0.00293505954500199,0.00309329296168146,0.00325231678588229,0.00335773840929385
H_MUSE_Volume_47,40,0.00258667546409585,0.00266019143723403,0.002785675978624,0.00293228341565578,0.00309154042174438,0.00325141229029233,0.00335748420827775
H_MUSE_Volume_47,41,0.00257825527517365,0.00265353631949287,0.00278116338329039,0.00292927680010102,0.0030895201479202,0.00325024182376789,0.00335700932212938
H_MUSE_Volume_47,42,0.00256946941167851,0.00264660764919151,0.00277642998750067,0.0029260199237546,0.0030871924363095,0.0032487457698884,0.00335624093087206
H_MUSE_Volume_47,43,0.00256034797968694,0.00263943105792486,0.00277148780515866,0.00292250652861836,0.00308453129645925,0.00324687741640196,0.00335511736633477
H_MUSE_Volume_47,44,0.00255096419229798,0.00263207154509764,0.00276638520541423,0.0029187667383673,0.00308154818993008,0.00324462650163221,0.00335361042072918
H_MUSE_Volume_47,45,0.00254140116318669,0.00262459898044087,0.00276117059878957,0.0029148286447132,0.00307825101287631,0.00324197520229136,0.00335167911203277
H_MUSE_Volume_47,46,0.0025317669658469,0.00261709667375976,0.00275589501659585,0.0029107178414213,0.00307464048951417,0.00323888777374732,0.00334925134739284
H_MUSE_Volume_47,47,0.00252221796711158,0.00260967333104074,0.0027506139425823,0.00290645441957945,0.00307070224460597,0.00323529162438301,0.00334619178344404
H_MUSE_Volume_47,48,0.00251294843387425,0.00260245714312244,0.00274538734391163,0.00290205764442435,0.00306641678493707,0.00323109678198004,0.00334233139639717
H_MUSE_Volume_47,49,0.0025041841513868,0.00259559074812738,0.00274027787648819,0.00289754791040247,0.00306176581723574,0.00322620826467196,0.0033374854455143
H_MUSE_Volume_47,50,0.00249616021175971,0.00258921320478831,0.00273534345815841,0.00289295369777891,0.00305675528461122,0.00322056527064413,0.00333150353672184
H_MUSE_Volume_47,51,0.00248911876813012,0.00258346207185704,0.00273063919608762,0.00288830668775602,0.00305140203767134,0.00321412485915614,0.00332425746472827
H_MUSE_Volume_47,52,0.00248328672221178,0.00257846367414161,0.0027262150418108,0.00288363759489393,0.00304572698345106,0.00320686136061979,0.00331565421790885
H_MUSE_Volume_47,53,0.00247868894576498,0.00257421296718864,0.00272205872796157,0.00287895558434337,0.00303977201690532,0.00319885151824536,0.00330579622936207
H_MUSE_Volume_47,54,0.00247511145170621,0.00257055376193316,0.00271808903116599,0.00287424634407694,0.00303360099369561,0.00319027991099378,0.00329499082131654
H_MUSE_Volume_47,55,0.00247228163683493,0.00256729928812176,0.00271421615822578,0.00286949444467661,0.00302728125852609,0.00318134664425109,0.00328357634188984
H_MUSE_Volume_47,56,0.0024697915658029,0.00256417680280635,0.00271030798126491,0.00286466323416152,0.00302087725078525,0.00317228213275396,0.00327195675920148
H_MUSE_Volume_47,57,0.00246693033635953,0.00256070684262756,0.00270611728845489,0.00285965268230501,0.00301443847991662,0.00316338103804494,0.00326067936569411
H_MUSE_Volume_47,58,0.00246300326399252,0.00255641094494149,0.00270138757642627,0.00285435167299586,0.00300799690482622,0.00315489060709195,0.00325020048360133
H_MUSE_Volume_47,59,0.00245741138696665,0.00255086890943105,0.00269588791054039,0.00284865887436229,0.00300157465024488,0.0031470002915892,0.00324086006498291
H_MUSE_Volume_47,60,0.00244988151286035,0.00254389529531791,0.00268952975215696,0.00284255586329093,0.00299521506311859,0.00313981999637749,0.00323281637094078
H_MUSE_Volume_47,61,0.00244026449417274,0.00253540337087839,0.00268229299928483,0.00283606879274525,0.00298898171369753,0.00313344797045903,0.00322618887974792
H_MUSE_Volume_47,62,0.00242833572002325,0.00252526592114603,0.00267414518189925,0.00282922276536184,0.00298294797205401,0.00312801839818724,0.00322116506130156
H_MUSE_Volume_47,63,0.00241387007665906,0.00251334019585118,0.00266501191805073,0.00282197413247313,0.00297709232589012,0.00312354518517634,0.00321779638456674
H_MUSE_Volume_47,64,0.0023967094630834,0.00249949848306202,0.0026547708772568,0.00281418258680522,0.00297125036346662,0.00311984310576542,0.00321588908881337
H_MUSE_Volume_47,65,0.00237666421912298,0.00248359757118273,0.00264329303022973,0.00280570242628985,0.00296525503119456,0.0031167363230596,0.00321527610624049
H_MUSE_Volume_47,66,0.00235362354292467,0.00246553068793329,0.00263044578148645,0.00279636483606836,0.00295889875691311,0.00311397570142776,0.00321568261538155
H_MUSE_Volume_47,67,0.00232799630677924,0.00244542791948436,0.00261609922693674,0.00278590195163447,0.00295177887447811,0.00311091171834929,0.00321619739576121
H_MUSE_Volume_47,68,0.00230076042069695,0.00242369456898417,0.0026001802350673,0.00277402549513375,0.00294340247523377,0.00310662711570595,0.00321541940707877
H_MUSE_Volume_47,69,0.00227337618128046,0.00240097587446157,0.00258268995552898,0.00276047241650617,0.00293325911477089,0.0031000612471004,0.00321163645977458
H_MUSE_Volume_47,70,0.00224696860205268,0.00237784516708779,0.00256378832277029,0.0027452494532168,0.00292121346009676,0.00309073944665105,0.0032039610264569
H_MUSE_Volume_47,71,0.00222197122968381,0.00235460983478439,0.00254369609186654,0.00272855154297887,0.00290743800579295,0.00307878013108638,0.00319245155930623
H_MUSE_Volume_47,72,0.0021983474780637,0.00233135846203715,0.00252258806935166,0.00271057900649654,0.00289215953275183,0.00306450597297944,0.00317757283455504
H_MUSE_Volume_47,73,0.00217559605971495,0.00230800327081593,0.00250066999775677,0.0026916272127725,0.00287576041959562,0.00304857023327918,0.00316034208709117
H_MUSE_Volume_47,74,0.00215299404878356,0.00228442668398666,0.00247826694812623,0.00267216064600858,0.00285883785132875,0.00303195843827404,0.00314224088977421
H_MUSE_Volume_47,75,0.00213005905986609,0.00226062320985927,0.00245573232701432,0.00265264886541555,0.00284196983576122,0.00301555160523178,0.00312452121506673
H_MUSE_Volume_47,76,0.0021066679775219,0.00223674257023368,0.0024334268698871,0.00263351899100162,0.00282564408960984,0.0030000079013116,0.00310804056476601
H_MUSE_Volume_47,77,0.0020830370925119,0.00221304419506205,0.00241163249626945,0.00261503689223958,0.00281011134318926,0.00298559273600205,0.00309308746434834
H_MUSE_Volume_47,78,0.00205951630188173,0.0021898374729416,0.00239060851450743,0.00259741178931527,0.00279553504881242,0.00297242697006979,0.00307974558682665
H_MUSE_Volume_47,79,0.00203650725522107,0.0021674561673229,0.00237061272734114,0.00258083844740064,0.00278205276378669,0.00296058632591554,0.00306803572231844
H_MUSE_Volume_47,80,0.00201428676425063,0.00214608897311178,0.0023517349645745,0.00256532780798622,0.00276960259772692,0.00294992670825352,0.00305774324748561
H_MUSE_Volume_47,81,0.00199300488154466,0.00212578853805935,0.00233391533283811,0.00255072885171534,0.00275794813844549,0.00294011608789454,0.00304845768000484
H_MUSE_Volume_47,82,0.00197281765148135,0.00210661353865946,0.00231709673318717,0.00253688886337065,0.00274684681033509,0.00293081363237624,0.00303976067855705
H_MUSE_Volume_47,83,0.00195384314938814,0.00208859985892253,0.00230122008999256,0.00252367352191135,0.00273609357093862,0.0029217339023905,0.00303130189712606
H_MUSE_Volume_47,84,0.00193608704438195,0.00207170854045904,0.00228620763766016,0.00251098687064395,0.00272557582321991,0.00291273221158934,0.00302290196057503
H_MUSE_Volume_47,85,0.00191951801819133,0.00205587824512754,0.00227197594288033,0.002498740308437,0.00271520010426403,0.0029036960644112,0.00301442433347
H_MUSE_Volume_47,86,0.00190407711696142,0.00204103258478736,0.00225844040297876,0.00248685401735654,0.00270489017122312,0.00289453963931973,0.00300576705758646
H_MUSE_Volume_47,87,0.00188962942430357,0.00202705468060502,0.0022455244212106,0.00247530006741341,0.00269465998580807,0.00288530042808722,0.00299697197379575
H_MUSE_Volume_47,88,0.00187599626573187,0.00201380302697236,0.00223315205802178,0.00246407329269546,0.00268456546584216,0.00287607503829515,0.00298815117309184
H_MUSE_Volume_47,89,0.00186298554516643,0.00200112767924989,0.00222124406390708,0.00245316846142982,0.00267466521179812,0.00286696636085468,0.00297942631130586
H_MUSE_Volume_47,90,0.00185043851078023,0.00198890129495159,0.00220972733083142,0.00244257071412615,0.00266499559442749,0.0028580470134785,0.0029708857559606
H_MUSE_Volume_47,91,0.00183824145126001,0.00197702698574031,0.00219853766809547,0.00243225405446422,0.0026555658286307,0.00284935168981119,0.00296257531535616
H_MUSE_Volume_47,92,0.00182627865342302,0.00196540701505411,0.00218761071742412,0.0024221923155273,0.00264638517972849,0.00284091626191981,0.00295454334289551
H_MUSE_Volume_47,93,0.00181444919596868,0.00195395472533448,0.0021768865557532,0.00241235639534555,0.00263745328562043,0.00283276203545828,0.00294682135124402
H_MUSE_Volume_47,94,0.00180271016824843,0.00194262519505501,0.00216632130802227,0.00240270676292541,0.0026287350449877,0.00282485565296024,0.00293937522154999
H_MUSE_Volume_47,95,0.00179102931783621,0.00193138164124955,0.00215587467301321,0.00239320234101491,0.00262018912547376,0.00281715404573012,0.00293215950643083
H_MUSE_Volume_47,96,0.0017793737256442,0.00192018744355186,0.00214550677352875,0.00238380198021905,0.00261177366040805,0.00280961383889724,0.00292512909073158
H_MUSE_Volume_47,97,0.00176773769735006,0.00190903178280062,0.00213520203020036,0.00237448764723387,0.00260346838513839,0.00280221098480282,0.0029182561970306
H_MUSE_Volume_48,21,0.00241315333511135,0.00251725464291581,0.00267042070545271,0.00282806481388586,0.00299316867945194,0.00316927612822878,0.00329900102475623
H_MUSE_Volume_48,22,0.00240963072556958,0.00251346477397307,0.00266652075365821,0.00282418751213007,0.0029890441051618,0.00316413521040814,0.00329246799315956
H_MUSE_Volume_48,23,0.00240605046922518,0.00250964547045055,0.00266261361055263,0.00282031021050101,0.00298492735258459,0.00315903534983757,0.00328603069806178
H_MUSE_Volume_48,24,0.00240241578287806,0.00250579835271467,0.00265869968515907,0.00281643290901856,0.00298081790028933,0.00315397386922932,0.00327968273329232
H_MUSE_Volume_48,25,0.00239872961567269,0.00250192491068737,0.00265477935560134,0.00281255560770368,0.00297671526648954,0.00314894830928081,0.00327341824036498
H_MUSE_Volume_48,26,0.00239499467538762,0.00249802651636868,0.00265085297193921,0.00280867830657904,0.0029726190053789,0.00314395640710714,0.00326723185159164
H_MUSE_Volume_48,27,0.00239121345167865,0.00249410443494152,0.00264692085869755,0.00280480100566962,0.00296852870386554,0.00313899607717853,0.00326111864011681
H_MUSE_Volume_48,28,0.0023873882366778,0.0024901598346422,0.00264298331712708,0.00280092370500341,0.00296444397865555,0.0031340653944302,0.00325507407591289
H_MUSE_Volume_48,29,0.00238352114329064,0.00248619379555329,0.00263904062722954,0.00279704640461207,0.00296036447364266,0.00312916257926192,0.00324909398692507
H_MUSE_Volume_48,30,0.00237961412148492,0.00248220731745339,0.00263509304957534,0.00279316910453159,0.00295628985756757,0.0031242859841854,0.0032431745246782
H_MUSE_Volume_48,31,0.00237566897282204,0.00247820132683951,0.00263114082693812,0.00278929180480309,0.00295221982191484,0.00311943408191257,0.0032373121337605
H_MUSE_Volume_48,32,0.00237168736344734,0.00247417668322185,0.0026271841857676,0.00278541450547362,0.00294815407901979,0.00311460545470683,0.00323150352468517
H_MUSE_Volume_48,33,0.00236766998817577,0.00247013187593773,0.00262321938867365,0.00278153197985254,0.00294408580002103,0.00310979037135437,0.00322573547953003
H_MUSE_Volume_48,34,0.00236361365227308,0.00246605590236149,0.0026192268334101,0.00277761809427004,0.00293998202242562,0.00310494591436435,0.00321995509033008
H_MUSE_Volume_48,35,0.00235951530235077,0.00246193791129098,0.00261518657756573,0.00277364549173391,0.00293580772129792,0.00310002686058637,0.00321410759782543
H_MUSE_Volume_48,36,0.0023553796609915,0.00245777886717454,0.00261109365190664,0.00276960282899865,0.00293154503428914,0.00309500888941348,0.00320816418319602
H_MUSE_Volume_48,37,0.00235121613986585,0.00245358453318453,0.00260694769430323,0.00276548292074062,0.00292717986849427,0.00308987145893277,0.00320210016218482
H_MUSE_Volume_48,38,0.00234704268400825,0.00244936666398373,0.00260275138464813,0.00276127926446182,0.00292269646498793,0.00308458938329584,0.00319588355425998
H_MUSE_Volume_48,39,0.00234287444140219,0.00244513441281774,0.0025985049221695,0.00275698291550003,0.00291807679370984,0.00307913573560167,0.00318948129567729
H_MUSE_Volume_48,40,0.00233872051611473,0.00244088928981654,0.00259419850538153,0.0027525725720527,0.00291328820118939,0.00307346687337633,0.00318284229103095
H_MUSE_Volume_48,41,0.00233458846422437,0.00243663035579774,0.00258981857610177,0.00274802191353057,0.00290829187818975,0.00306753205675378,0.00317590783137294
H_MUSE_Volume_48,42,0.0023304853300916,0.00243235775507169,0.00258535515434787,0.00274331092488233,0.00290305828334015,0.00306129299289223,0.00316863396440796
H_MUSE_Volume_48,43,0.00232641734229388,0.00242807252255975,0.00258080180581958,0.0027384260088795,0.00289756735590717,0.00305472407458698,0.00316099169693667
H_MUSE_Volume_48,44,0.0023223884816712,0.00242377819904512,0.00257616187579505,0.00273337101824322,0.0028918243924321,0.00304783300699217,0.0031529908008024
H_MUSE_Volume_48,45,0.00231840242714386,0.00241947784220033,0.00257143796276873,0.00272814878919306,0.00288583337828517,0.0030406258351128,0.00314463910359452
H_MUSE_Volume_48,46,0.00231444286445807,0.00241515437470136,0.00256661227498288,0.00272274144643195,0.00287957718482079,0.00303308698793877,0.00313592240789761
H_MUSE_Volume_48,47,0.00231044897981502,0.00241074582538259,0.00256162141509166,0.00271708462757163,0.00287299114978704,0.0030251521623455,0.00312677687875341
H_MUSE_Volume_48,48,0.0023063540147898,0.00240618434102516,0.00255639617120572,0.0027111081912245,0.00286600482399154,0.00301675120474734,0.00311713275403203
H_MUSE_Volume_48,49,0.0023020994568281,0.00240141167147838,0.00255087894837248,0.0027047556499883,0.00285856340386604,0.00300783148582164,0.00310693901119926
H_MUSE_Volume_48,50,0.00229768096239302,0.0023964320195403,0.00254508693518939,0.00269805781654751,0.00285071169544105,0.00299845171567461,0.00309626363234232
H_MUSE_Volume_48,51,0.00229311640800195,0.00239127516267392,0.00253906783769114,0.00269108093954928,0.00284253461485679,0.00298871495230526,0.00308522158083768
H_MUSE_Volume_48,52,0.00228842338455629,0.00238597097988962,0.0025328699799799,0.00268389229005941,0.0028341182978073,0.00297872539607653,0.00307392874779673
H_MUSE_Volume_48,53,0.00228360910317947,0.00238055134387873,0.00252656226223738,0.00267659870595887,0.00282560713489723,0.0029686632186204,0.00306258849139324
H_MUSE_Volume_48,54,0.00227866988936009,0.00237505067997776,0.00252023619775738,0.00266934994679125,0.00281720815488608,0.00295878959555123,0.00305149689206789
H_MUSE_Volume_48,55,0.00227360210467628,0.00236950384943088,0.00251398405032673,0.00266229637801579,0.00280912819000658,0.00294936394594625,0.0030409467817249
H_MUSE_Volume_48,56,0.00226834923888032,0.00236389471753612,0.00250784964255609,0.00265554210943029,0.00280152937184137,0.0029406017545532,0.0030311871393725
H_MUSE_Volume_48,57,0.00226269636065975,0.00235805495738613,0.00250173369313424,0.00264905701685417,0.00279444775626365,0.0029325995017109,0.00302235214591064
H_MUSE_Volume_48,58,0.00225639657675888,0.00235178659995837,0.00249551024571747,0.00264278661203852,0.00278789644189553,0.00292543111542653,0.00301455318017147
H_MUSE_Volume_48,59,0.00224920723903695,0.00234489396296625,0.00248905215585143,0.00263667094697229,0.00278187803009962,0.0029191543906775,0.0030078813735015
H_MUSE_Volume_48,60,0.00224097580699276,0.00233723519090675,0.00248223204917376,0.00263059510093133,0.00277628673157343,0.00291366849983874,0.0030022368806214
H_MUSE_Volume_48,61,0.00223159630578081,0.00232869603754539,0.00247492198750428,0.00262441523984157,0.00277096050224567,0.00290879108365065,0.00299742232232038
H_MUSE_Volume_48,62,0.0022209575935913,0.00231915844354487,0.00246699209174067,0.00261798742011323,0.00276573906762385,0.00290434355785929,0.00299324557575753
H_MUSE_Volume_48,63,0.0022089253796148,0.00230847303267562,0.00245826921841353,0.00261111273464406,0.00276039634555299,0.00290007201650192,0.00298943347922955
H_MUSE_Volume_48,64,0.00219533995775637,0.00229645141112547,0.00244852155602183,0.0026035146023225,0.00275461111759981,0.00289561215812122,0.00298559329709086
H_MUSE_Volume_48,65,0.00218004823489508,0.00228290920568165,0.00243751785717386,0.00259491411485539,0.00274805777621057,0.00289059417861422,0.0029813265380776
H_MUSE_Volume_48,66,0.00216292178400719,0.00226768371771171,0.00242504452620812,0.0025850465632973,0.00274042229305626,0.00288465818180347,0.00297624397799497
H_MUSE_Volume_48,67,0.00214389623282354,0.00225067089051234,0.00241093883350063,0.00257369067243288,0.00273142741306978,0.00287747545267439,0.0029699843506574
H_MUSE_Volume_48,68,0.00212293946317699,0.00223179417610929,0.00239505927302821,0.00256064100691124,0.00272080750749876,0.00286872594465064,0.00296219367259477
H_MUSE_Volume_48,69,0.00210005644025261,0.0022110115533857,0.00237729597255613,0.00254572191163005,0.00270832597756504,0.00285811889432086,0.00295254788040673
H_MUSE_Volume_48,70,0.00207545032674884,0.00218850486021573,0.00235779996107054,0.00252905462683644,0.00269407666103435,0.00284572402020971,0.00294110197951886
H_MUSE_Volume_48,71,0.00204945170215587,0.00216460322691707,0.00233689794375787,0.00251096327960403,0.00267838126336229,0.00283186093443387,0.00292817431573095
H_MUSE_Volume_48,72,0.00202238898116924,0.00213963393649066,0.00231491530568696,0.00249177124549977,0.00266156130392731,0.00281684959088122,0.00291408391233
H_MUSE_Volume_48,73,0.00199464374108994,0.0021139780389864,0.00229223239771136,0.00247185835788679,0.0026439964019737,0.00280106969073347,0.00289921063275898
H_MUSE_Volume_48,74,0.00196669741598199,0.00208811764595139,0.00226933297988787,0.00245171075397927,0.00262617564209203,0.00278501354557367,0.00288404902008866
H_MUSE_Volume_48,75,0.00193902801038745,0.00206253146095328,0.00224669770757755,0.00243181199446509,0.00260858615982378,0.00276917213646299,0.00286909267802083
H_MUSE_Volume_48,76,0.00191208305760833,0.0020376622611275,0.00222476384555206,0.0024125953791597,0.00259165871194021,0.00275397478764721,0.00285477037394294
H_MUSE_Volume_48,77,0.00188622163606681,0.0020138345056651,0.00220380867021887,0.00239429524276879,0.0025755901409967,0.00273958680434175,0.0028412288238641
H_MUSE_Volume_48,78,0.00186178022432602,0.0019913371947708,0.00218405666626481,0.00237707756135293,0.00256049551790393,0.00272608060662537,0.00282851540832823
H_MUSE_Volume_48,79,0.00183909074051504,0.00197045093670129,0.00216571924497645,0.00236109156052694,0.00254647044998663,0.00271350727930837,0.002816655267735
H_MUSE_Volume_48,80,0.00181828665326107,0.00195124549803443,0.00214877868180477,0.00234623915448298,0.00253334609812515,0.00270163813239709,0.00280538436410827
H_MUSE_Volume_48,81,0.00179932817736388,0.00193360635162254,0.00213301637289985,0.00233220467353189,0.00252072019550085,0.00268999688027259,0.00279418240393459
H_MUSE_Volume_48,82,0.00178218084690515,0.00191742295449573,0.00211821577178583,0.00231867275819628,0.00250818941641853,0.00267810529672544,0.00278252681454908
H_MUSE_Volume_48,83,0.00176676689043004,0.00190257072813074,0.00210418730074756,0.00230539365619211,0.00249545103616391,0.00266561624898324,0.00277004456623635
H_MUSE_Volume_48,84,0.00175288452698204,0.00188887375889926,0.00209079182681214,0.0022922636654249,0.00248243438494428,0.00265248884774666,0.00275671331114374
H_MUSE_Volume_48,85,0.0017403025855119,0.00187614151191728,0.00207789551861159,0.002279202258937,0.00246910731838804,0.0026387333735737,0.00274256916287519
H_MUSE_Volume_48,86,0.00172878298557691,0.00186418419259302,0.00206537539253366,0.00226614854940681,0.0024554645955494,0.00262439271954668,0.00272768399559111
H_MUSE_Volume_48,87,0.00171809390025861,0.00185285164104474,0.00205319488999166,0.00225317190649045,0.00244167034363327,0.00260971244259119,0.00271235202304442
H_MUSE_Volume_48,88,0.00170800644397601,0.00184201074232565,0.00204135426134973,0.00224039691550407,0.00242796008920444,0.00259502295559993,0.00269696007429718
H_MUSE_Volume_48,89,0.00169829492482463,0.00183152957236707,0.00202985215190749,0.00222794379665459,0.00241456218874824,0.00258064465005882,0.00268188299299015
H_MUSE_Volume_48,90,0.00168878697422171,0.00182129918667251,0.00201866783050221,0.00221587373883309,0.00240161035687344,0.00256677256007885,0.00266735185388663
H_MUSE_Volume_48,91,0.00167937149642092,0.00181123722990302,0.00200775869245468,0.00220418071907417,0.00238913053920266,0.0025534592030935,0.00265343453070472
H_MUSE_Volume_48,92,0.00166994223763905,0.00180126390507496,0.00199708153288062,0.00219285515932093,0.00237714243639898,0.00254074847468139,0.00264018881732128
H_MUSE_Volume_48,93,0.00166041782666383,0.00179131487130182,0.00198659543215672,0.00218187744237572,0.00236564468338961,0.0025286537598555,0.0026276363786913
H_MUSE_Volume_48,94,0.00165079451845207,0.00178137367871453,0.00197626575104162,0.00217119532943997,0.00235456865763028,0.00251709176254519,0.00261568483964498
H_MUSE_Volume_48,95,0.00164108398353256,0.00177143365660383,0.00196605970658115,0.0021607510228792,0.00234383361717449,0.00250596157100585,0.00260422101848055
H_MUSE_Volume_48,96,0.0016312984530552,0.0017614884925879,0.00195594448264194,0.00215048626313468,0.00233335801649933,0.00249516130105478,0.00259313075084329
H_MUSE_Volume_48,97,0.00162146281681307,0.00175154780975612,0.00194590823965946,0.00214036891003628,0.00232309124127314,0.00248462413414057,0.00258233734604412
H_MUSE_Volume_51,21,0.000189282074707346,0.00123978193186189,0.00299512113318121,0.00494543042537007,0.00689573971755892,0.00865107891887824,0.00970157877603278
H_MUSE_Volume_51,22,0.000120709361708067,0.00118575037410166,0.00296538720825712,0.00494269293456134,0.00691999866086556,0.00869963549502102,0.00976467650741461
H_MUSE_Volume_51,23,5.21366487087893e-05,0.00113171881634143,0.00293565328333303,0.00493995544375262,0.0069442576041722,0.00874819207116381,0.00982777423879644
H_MUSE_Volume_51,24,-1.64360642904877e-05,0.00107768725858119,0.00290591935840895,0.00493721795294389,0.00696851654747884,0.00879674864730659,0.00989087197017827
H_MUSE_Volume_51,25,-8.50087772897665e-05,0.00102365570082096,0.00287618543348486,0.00493448046213517,0.00699277549078548,0.00884530522344938,0.0099539697015601
H_MUSE_Volume_51,26,-0.000153581490289045,0.000969624143060727,0.00284645150856077,0.00493174297132645,0.00701703443409212,0.00889386179959216,0.0100170674329419
H_MUSE_Volume_51,27,-0.000222154203288323,0.000915592585300494,0.00281671758363669,0.00492900548051772,0.00704129337739876,0.00894241837573495,0.0100801651643238
H_MUSE_Volume_51,28,-0.000290726916287601,0.000861561027540261,0.0027869836587126,0.004926267989709,0.0070655523207054,0.00899097495187774,0.0101432628957056
H_MUSE_Volume_51,29,-0.000359299629286879,0.000807529469780029,0.00275724973378852,0.00492353049890028,0.00708981126401203,0.00903953152802052,0.0102063606270874
H_MUSE_Volume_51,30,-0.000427872342286158,0.000753497912019794,0.00272751580886443,0.00492079300809155,0.00711407020731867,0.00908808810416331,0.0102694583584693
H_MUSE_Volume_51,31,-0.000496445055285436,0.000699466354259562,0.00269778188394034,0.00491805551728283,0.00713832915062531,0.00913664468030609,0.0103325560898511
H_MUSE_Volume_51,32,-0.000565017768284714,0.000645434796499329,0.00266804795901626,0.0049153180264741,0.00716258809393195,0.00918520125644888,0.0103956538212329
H_MUSE_Volume_51,33,-0.000633596411453341,0.000591415945660534,0.00263835788277516,0.00491265898510637,0.00718696008743758,0.0092339020245522,0.0104589143816661
H_MUSE_Volume_51,34,-0.000702210635638066,0.000537473336350364,0.00260893089863196,0.00491047064038457,0.00721201038213718,0.00928346794441878,0.0105231519164072
H_MUSE_Volume_51,35,-0.000770775878445562,0.000483779766065973,0.0025800872410736,0.00490923703999534,0.00723838683891708,0.0093346943139247,0.0105892499584362
H_MUSE_Volume_51,36,-0.00083872700384483,0.00043089425617862,0.00255237571414298,0.00490949563578803,0.00726661555743309,0.00938809701539745,0.0106577182754209
H_MUSE_Volume_51,37,-0.000905365946789733,0.00037949396042468,0.00252643852969477,0.00491184981664988,0.00729726110360499,0.00944420567287508,0.0107290655800895
H_MUSE_Volume_51,38,-0.000969947474384314,0.000330333955450123,0.00250304721284958,0.00491708938315102,0.00733113155345247,0.00950384481085192,0.0108041262406864
H_MUSE_Volume_51,39,-0.00103175410415788,0.000284133909473861,0.00248292508411577,0.00492594171375856,0.00736895834340134,0.00956774951804325,0.010883637531675
H_MUSE_Volume_51,40,-0.00109017726477543,0.000241504599541742,0.00246668660618529,0.00493902536618482,0.00741136412618435,0.00963654613282789,0.0109682279971451
H_MUSE_Volume_51,41,-0.00114464905286647,0.000203016167242963,0.00245490566061267,0.00495691837735737,0.00745893109410207,0.00971082058747178,0.0110584858075812
H_MUSE_Volume_51,42,-0.0011945699018559,0.000169270409253106,0.00244818777047362,0.00498023041065298,0.00751227305083233,0.00979119041205285,0.0111550307231618
H_MUSE_Volume_51,43,-0.00123930337720897,0.000140906058666182,0.00244717550965387,0.00500960830735584,0.00757204110505781,0.00987831055604551,0.0112585199919207
H_MUSE_Volume_51,44,-0.00127811951221551,0.000118655365870619,0.00245260494446812,0.00504579237355177,0.00763897980263542,0.00997292938123293,0.0113697042593191
H_MUSE_Volume_51,45,-0.00131029197000605,0.000103246985820786,0.00246520860328894,0.00508951944126218,0.00771383027923542,0.0100757918967036,0.0114893308525304
H_MUSE_Volume_51,46,-0.00133482490067816,9.56791044601051e-05,0.00248598857548183,0.00514179593683789,0.00779760329819395,0.0101879127692157,0.0116184167743539
H_MUSE_Volume_51,47,-0.00135011419632332,9.75581725897014e-05,0.00251655522671874,0.00520423657565657,0.00789191792459439,0.0103109149787234,0.0117585873476364
H_MUSE_Volume_51,48,-0.00135447248528681,0.000110573927776058,0.00255860224790097,0.0052785394410615,0.00799847663422204,0.010446504954347,0.0119115513674098
H_MUSE_Volume_51,49,-0.00134624932788097,0.000136379198808179,0.0026137864599011,0.00536636578941996,0.00811894511893882,0.0105963523800317,0.0120789809067209
H_MUSE_Volume_51,50,-0.00132404172844643,0.000176379378324676,0.002683517260605,0.00546912946873829,0.00825474167687158,0.0107618795591519,0.012262300665923
H_MUSE_Volume_51,51,-0.00128654866102091,0.000231877907079025,0.00276910212577632,0.0055881424379694,0.00840718275016249,0.0109444069688598,0.0124628335369597
H_MUSE_Volume_51,52,-0.0012324893719325,0.000304157980099031,0.00287182832984153,0.00572469650404786,0.00857756467825419,0.0111452350279967,0.0126818823800282
H_MUSE_Volume_51,53,-0.00116112709074655,0.00039395887274131,0.00299243933377203,0.00587953977846693,0.00876664022316184,0.0113651206841926,0.0129202066476804
H_MUSE_Volume_51,54,-0.00107232261431328,0.000501422362940175,0.0031310812178542,0.00605282312173855,0.0089745650256229,0.0116042238805369,0.0131779688577904
H_MUSE_Volume_51,55,-0.000965967839716807,0.000626659160437117,0.00328786904772079,0.00624466643920688,0.00920146383069296,0.0118626737179766,0.0134553007181306
H_MUSE_Volume_51,56,-0.000842486114563778,0.000769248560729895,0.00346238653538116,0.00645465834994629,0.00944693016451142,0.0121400681391627,0.0137518028144564
H_MUSE_Volume_51,57,-0.000703888924239352,0.000927181770581609,0.00365262938606011,0.00668079955729914,0.00970896972853817,0.0124344173440167,0.0140654880388376
H_MUSE_Volume_51,58,-0.000552483293053713,0.00109815449338333,0.00385629786101791,0.00692079538664929,0.00998529291228066,0.0127434362799152,0.0143940740663523
H_MUSE_Volume_51,59,-0.000390572138858033,0.00127986656645796,0.00407109640135252,0.00717235539422301,0.0102736143870935,0.0130648442219881,0.0147352829273041
H_MUSE_Volume_51,60,-0.000220419185468132,0.00147005700518515,0.00429476859951915,0.00743322825793878,0.0105716879163584,0.0133963995106924,0.0150868757013457
H_MUSE_Volume_51,61,-4.42670147602041e-05,0.00166648597104834,0.00452507920103486,0.00770118381650781,0.0108772884319808,0.0137358816619673,0.0154466346477758
H_MUSE_Volume_51,62,0.000135683710385684,0.00186695557391561,0.00475983494890836,0.00797403396069441,0.0111882329724805,0.0140811123474732,0.0158123842110031
H_MUSE_Volume_51,63,0.000319240309349572,0.00207127592281722,0.00499885061355308,0.00825159864004715,0.0115043466665412,0.0144319213572771,0.0161839569707447
H_MUSE_Volume_51,64,0.000509063539574606,0.00228211057558156,0.00524479443211839,0.00853655129078071,0.011828308149443,0.0147909920059799,0.0165640390419868
H_MUSE_Volume_51,65,0.0007080315343599,0.00250234049362602,0.00550055209168331,0.00883178285052729,0.0121630136093713,0.0151612252074286,0.0169555341666947
H_MUSE_Volume_51,66,0.000918923614190284,0.00273474785917785,0.00576891055632117,0.00914008559633838,0.0125112606363556,0.0155454233334989,0.0173612475784865
H_MUSE_Volume_51,67,0.00114412424448888,0.00298172004639369,0.00605226206055483,0.00946385716295659,0.0128754522653583,0.0159459942795195,0.0177835900814243
H_MUSE_Volume_51,68,0.00138591907046913,0.00324554564447871,0.00635290011287052,0.00980539652454651,0.0132578929362225,0.0163652474046143,0.0182248739786239
H_MUSE_Volume_51,69,0.00164646345709091,0.00352838299992723,0.00667298804177593,0.0101668725449944,0.0136607570482129,0.0168053620900616,0.0186872816328979
H_MUSE_Volume_51,70,0.00192620528785972,0.00383068309120464,0.00701298199727865,0.0105487471202667,0.0140845122432548,0.0172668111493288,0.0191712889526737
H_MUSE_Volume_51,71,0.00222439079048842,0.00415169533517432,0.00737213672517284,0.0109502809169866,0.0145284251088004,0.0177488664987989,0.0196761710434848
H_MUSE_Volume_51,72,0.00254022105634653,0.00449062405296047,0.0077496619433611,0.0113706896492692,0.0149917173551774,0.018250755245578,0.020201158242192
H_MUSE_Volume_51,73,0.00287086677624211,0.00484464320337417,0.00814273707134429,0.0118071588038383,0.0154715805363324,0.0187696744043025,0.0207434508314345
H_MUSE_Volume_51,74,0.00320974502503266,0.00520717316646474,0.00854478801200229,0.0122531204198394,0.0159614528276766,0.0192990676732141,0.0212964958146462
H_MUSE_Volume_51,75,0.00354986677532519,0.0055712282604411,0.00894883467389823,0.0127016006171251,0.0164543665603519,0.019831972973809,0.0218533344589249
H_MUSE_Volume_51,76,0.00388452220179693,0.00593010205181715,0.00934817629115627,0.0131459049269459,0.0169436335627355,0.0203617078020746,0.0224072876520948
H_MUSE_Volume_51,77,0.00420850324778882,0.00627858994483267,0.00973761405102645,0.0135808409618962,0.0174240678727659,0.0208830919789597,0.0229531786760035
H_MUSE_Volume_51,78,0.00451710418432336,0.0066119897244317,0.0101124516100616,0.0140017189023125,0.0178909861945633,0.0213914480801932,0.0234863336203015
H_MUSE_Volume_51,79,0.00480578764938106,0.00692576758928228,0.0104681611166826,0.0144040175072228,0.018339873897763,0.0218822674251633,0.0240022473650645
H_MUSE_Volume_51,80,0.00507330177406781,0.00721867531357073,0.0108035004325032,0.0147865014018152,0.0187695023711272,0.0223543274900597,0.0244997010295626
H_MUSE_Volume_51,81,0.00532138554110181,0.00749245560497474,0.0111202184894454,0.0151509264335984,0.0191816343777515,0.0228093972622221,0.024980467326095
H_MUSE_Volume_51,82,0.00555188866872309,0.0077489619582204,0.0114201750925777,0.0154991594188898,0.019578143745202,0.0232493568795593,0.0254464301690566
H_MUSE_Volume_51,83,0.0057672532461002,0.00799064028546267,0.0117058225420977,0.0158336597554663,0.0199614969688349,0.0236766792254699,0.0259000662648324
H_MUSE_Volume_51,84,0.00597136009399544,0.00822137527079729,0.0119810519775621,0.01615832575537,0.0203355995331779,0.0240952762399427,0.0263452914167445
H_MUSE_Volume_51,85,0.00616830398990691,0.00844526560520405,0.0122499686292068,0.0164772699144254,0.020704571199644,0.0245092742236468,0.0267862358389439
H_MUSE_Volume_51,86,0.00636192594318157,0.00866615625734247,0.0125164240815292,0.0167943511678059,0.0210722782540827,0.0249225460782694,0.0272267763924303
H_MUSE_Volume_51,87,0.00655421685805992,0.00888604209432147,0.0127824198234175,0.0171115783616774,0.0214407368999373,0.0253371146290334,0.0276689398652949
H_MUSE_Volume_51,88,0.00674634754516401,0.00910609791884048,0.0130491373281574,0.0174301403808311,0.0218111434335048,0.0257541828428217,0.0281139332164982
H_MUSE_Volume_51,89,0.00693946482684795,0.00932747459526563,0.0133177342141399,0.0177512023478701,0.0221846704816002,0.0261749301004745,0.0285629398688922
H_MUSE_Volume_51,90,0.00713408489244373,0.00955069237531554,0.0135887375211536,0.0180752988446213,0.0225618601680891,0.0265999053139271,0.0290165127967989
H_MUSE_Volume_51,91,0.00732998250126355,0.00977553009433589,0.0138619328954173,0.0184022230846785,0.0229425132739397,0.0270289160750212,0.0294744636680935
H_MUSE_Volume_51,92,0.00752688976180161,0.0100017239843833,0.0141370634592798,0.0187317258460049,0.0233263882327301,0.0274617277076266,0.0299365619302083
H_MUSE_Volume_51,93,0.00772453152779603,0.0102290030697384,0.0144138652058151,0.0190635508645102,0.0237132365232053,0.027898098659282,0.0304025702012243
H_MUSE_Volume_51,94,0.00792260976829553,0.0104570735297369,0.0146920513495641,0.0193974191713588,0.0241027869931535,0.0283377648129808,0.0308722285744221
H_MUSE_Volume_51,95,0.00812082166043083,0.0106856368004002,0.0149713304429678,0.0197330472258506,0.0244947640087335,0.0287804576513011,0.0313452727912704
H_MUSE_Volume_51,96,0.00831889973122429,0.0109144186875984,0.0152514170611456,0.0200701371249257,0.0248888571887057,0.0292258555622529,0.031821374518627
H_MUSE_Volume_51,97,0.00851637497574627,0.0111429840600259,0.0155319326741325,0.0204083732268176,0.0252848137795027,0.0296737623936092,0.0323003714778888
H_MUSE_Volume_52,21,-0.00104866412311288,-1.18684749950723e-05,0.00172057159389559,0.00364543828745445,0.00557030498101332,0.00730274504990398,0.00833954069802179
H_MUSE_Volume_52,22,-0.00104117566117899,1.32704373600892e-05,0.00177520363500692,0.00373283933584691,0.00569047503668691,0.00745240823433374,0.00850685433287282
H_MUSE_Volume_52,23,-0.0010336871992451,3.84093497152503e-05,0.00182983567611825,0.00382024038423937,0.00581064509236049,0.0076020714187635,0.00867416796772384
H_MUSE_Volume_52,24,-0.00102619873731121,6.35482620704119e-05,0.00188446771722959,0.00390764143263183,0.00593081514803408,0.00775173460319326,0.00884148160257487
H_MUSE_Volume_52,25,-0.00101871027537731,8.86871744255734e-05,0.00193909975834092,0.00399504248102429,0.00605098520370767,0.00790139778762302,0.0090087952374259
H_MUSE_Volume_52,26,-0.00101122181344342,0.000113826086780734,0.00199373179945225,0.00408244352941675,0.00617115525938126,0.00805106097205277,0.00917610887227693
H_MUSE_Volume_52,27,-0.00100373335150953,0.000138964999135896,0.00204836384056358,0.00416984457780921,0.00629132531505485,0.00820072415648253,0.00934342250712795
H_MUSE_Volume_52,28,-0.000996244889575639,0.000164103911491058,0.00210299588167491,0.00425724562620167,0.00641149537072843,0.00835038734091229,0.00951073614197898
H_MUSE_Volume_52,29,-0.000988756427641747,0.000189242823846219,0.00215762792278625,0.00434464667459413,0.00653166542640202,0.00850005052534205,0.00967804977683001
H_MUSE_Volume_52,30,-0.000981267965707857,0.00021438173620138,0.00221225996389758,0.00443204772298659,0.00665183548207561,0.00864971370977181,0.00984536341168104
H_MUSE_Volume_52,31,-0.000973779503773965,0.000239520648556541,0.00226689200500891,0.00451944877137905,0.0067720055377492,0.00879937689420157,0.0100126770465321
H_MUSE_Volume_52,32,-0.000966291041840073,0.000264659560911702,0.00232152404612024,0.00460684981977151,0.00689217559342279,0.00894904007863133,0.0101799906813831
H_MUSE_Volume_52,33,-0.000958955684195823,0.000289672397673503,0.0023760751754046,0.0046942201365604,0.0070123650977162,0.00909876787544731,0.0103473959573166
H_MUSE_Volume_52,34,-0.000952538952289418,0.000313928780875145,0.00243014083372716,0.00478140606372788,0.0071326712937286,0.00924888334658061,0.0105153510797452
H_MUSE_Volume_52,35,-0.000947770772039553,0.000336826877557864,0.00248333322584884,0.00486825761748084,0.00725318200911284,0.00939968835740382,0.0106842860070012
H_MUSE_Volume_52,36,-0.000944626270088299,0.000358383337168497,0.00253565525942165,0.00495476243733954,0.00737386961525743,0.00955114153751058,0.0108541511447674
H_MUSE_Volume_52,37,-0.000942948403685482,0.000378725606715466,0.00258718492826717,0.00504094357104466,0.00749470221382214,0.00970316153537385,0.0110248355457748
H_MUSE_Volume_52,38,-0.000942774823875306,0.000397830901003131,0.00263792428737093,0.00512683067282638,0.00761573705828184,0.00985583044464964,0.0111964361695281
H_MUSE_Volume_52,39,-0.000944159881047875,0.000415648685519257,0.00268782917838529,0.00521238666871889,0.0077369441590525,0.0100091246519185,0.0113689332184857
H_MUSE_Volume_52,40,-0.000947488980537362,0.000431797419481982,0.00273652451802585,0.00529724365018628,0.00785796278234671,0.0101626898808906,0.0115419762809099
H_MUSE_Volume_52,41,-0.000953275422645652,0.000445767730301915,0.0027835074967386,0.00538090609968331,0.00797830470262802,0.0103160444690647,0.0117150876220123
H_MUSE_Volume_52,42,-0.000961916156714298,0.000457166610070408,0.00282839169257645,0.00546299491274435,0.00809759813291225,0.0104688232154183,0.011887905982203
H_MUSE_Volume_52,43,-0.000973676900712775,0.00046573239491109,0.00287092221587484,0.00554326272634599,0.00821560323681713,0.0106207930577809,0.0120602023534047
H_MUSE_Volume_52,44,-0.000988483132863493,0.000471543671498487,0.00291118444557287,0.00562180246612635,0.00833242048667984,0.0107720612607542,0.0122320880651162
H_MUSE_Volume_52,45,-0.00100627498314712,0.000474664441866326,0.00294924928811915,0.00569869270984028,0.00844813613156141,0.0109227209778142,0.0124036604028277
H_MUSE_Volume_52,46,-0.00102630556460676,0.000475845777122168,0.00298587480615352,0.00577469928822757,0.00856352377030162,0.011073552799333,0.0125757041410619
H_MUSE_Volume_52,47,-0.0010462775382694,0.000477389245758894,0.00302336963551112,0.00585213868945372,0.00868090774339631,0.0112268881331485,0.0127505549171768
H_MUSE_Volume_52,48,-0.00106368129829028,0.000481808739619794,0.00306425482975088,0.00593353992426364,0.0088028250187764,0.0113852711089075,0.0129307611468175
H_MUSE_Volume_52,49,-0.00107585365279393,0.00049177179506695,0.00311120518468152,0.00602158585423835,0.00893196652379518,0.0115513999134097,0.0131190253612706
H_MUSE_Volume_52,50,-0.00107909807659259,0.000510979338433316,0.00316792898075663,0.00611999293079336,0.00907205688083009,0.0117290065231534,0.0133190839381793
H_MUSE_Volume_52,51,-0.00106929265320638,0.000543557746373958,0.00323856004738843,0.0062329032638952,0.00922724648040196,0.0119222487814164,0.0135350991809968
H_MUSE_Volume_52,52,-0.00104236786542663,0.000593581057826307,0.00332717997912491,0.00636440684292368,0.00940163370672245,0.012135232628021,0.013771181551274
H_MUSE_Volume_52,53,-0.000995719410126519,0.000663658174754258,0.00343640536238503,0.00651712879228529,0.00959785222218554,0.0123705994098163,0.0140299769946971
H_MUSE_Volume_52,54,-0.000928352507118089,0.000754788556716156,0.0035672434757499,0.00669208507806307,0.00981692668037624,0.01262938159941,0.0143125226632442
H_MUSE_Volume_52,55,-0.000839355793264259,0.000867888312435036,0.0037206183576086,0.00689020854908079,0.010059798740553,0.0129125287857265,0.0146197728914258
H_MUSE_Volume_52,56,-0.000728850658136613,0.00100284085936001,0.00389642145773105,0.00711139957959997,0.0103263777014689,0.0132199582998399,0.0149516498173365
H_MUSE_Volume_52,57,-0.000600044601953411,0.00115644355651796,0.00409145825472974,0.00735247266968213,0.0106134870846345,0.0135485017828463,0.0153049899413177
H_MUSE_Volume_52,58,-0.000456719438021541,0.0013249195140488,0.00430196008560828,0.00760966829697381,0.0109173765083393,0.0138944170798988,0.0156760560319692
H_MUSE_Volume_52,59,-0.000302546925130485,0.00150460195821543,0.00452426850643355,0.0078793372725588,0.011234406038684,0.0142540725869022,0.0160612214702481
H_MUSE_Volume_52,60,-0.000140178642822907,0.00169284430559494,0.00475574528207971,0.00815885063687541,0.0115619559916711,0.0146248569681559,0.0164578799165737
H_MUSE_Volume_52,61,2.82855118729775e-05,0.00188755168977376,0.00499430395206963,0.0084461312690522,0.0118979585860348,0.0150047108483306,0.0168639770262314
H_MUSE_Volume_52,62,0.000200798959768215,0.00208668262681466,0.00523791154640834,0.00873915565870217,0.012240399770996,0.0153916286905897,0.0172775123576361
H_MUSE_Volume_52,63,0.000377627654574027,0.00229050823574462,0.005486847815139,0.00903821314555407,0.0125895784759691,0.0157859180553635,0.0176987986365341
H_MUSE_Volume_52,64,0.000562323819801917,0.00250258597842961,0.00574467897318816,0.00934687966982023,0.0129490803664523,0.0161911733612109,0.0181314355198385
H_MUSE_Volume_52,65,0.000758689884891445,0.00272672359085524,0.00601522162354727,0.00966898168637934,0.0133227417492114,0.0166112397819034,0.0185792734878672
H_MUSE_Volume_52,66,0.000970466414388339,0.00296666703726717,0.00630223075312377,0.0100082842069711,0.0137143376608185,0.0170499013766751,0.0190461019995539
H_MUSE_Volume_52,67,0.00120114742725157,0.00322591590706811,0.00660921525928766,0.010368306470793,0.0141273976822984,0.017510697034518,0.0195354655143345
H_MUSE_Volume_52,68,0.00145416503469647,0.00350790798453585,0.00693962240575531,0.0107525062739059,0.0145653901420566,0.017997104563276,0.0200508475131154
H_MUSE_Volume_52,69,0.00173268044172278,0.00381581022993011,0.00729662876957355,0.0111640708783053,0.015031512987037,0.0185123315266805,0.0205954613148878
H_MUSE_Volume_52,70,0.00203630509595592,0.00414923995977045,0.00767986147392672,0.011602638303092,0.0155254151322573,0.0190560366464135,0.0211689715102281
H_MUSE_Volume_52,71,0.00236215228213079,0.00450531643498033,0.00808644976568733,0.0120653488902529,0.0160442480148185,0.0196253813455255,0.021768545498375
H_MUSE_Volume_52,72,0.00270726102512075,0.0048810847435718,0.00851344886410636,0.0125492691155811,0.0165850893670558,0.0202174534875904,0.0223912772060414
H_MUSE_Volume_52,73,0.00306644633503038,0.00527136603732755,0.0089556901834413,0.0130492417956885,0.0171427934079357,0.0208271175540495,0.0230320372563466
H_MUSE_Volume_52,74,0.00343041183904268,0.00566687015626599,0.00940389394508614,0.0135559986864312,0.0177081034277762,0.0214451272165964,0.0236815855338197
H_MUSE_Volume_52,75,0.00378941617678575,0.00605786203985815,0.00984833561527321,0.0140598269500375,0.0182713182848017,0.0220617918602168,0.0243302377232892
H_MUSE_Volume_52,76,0.00413435158970792,0.00643524032970654,0.0102799245299821,0.0145516478047163,0.0188233710794505,0.022668055279726,0.0249689440197246
H_MUSE_Volume_52,77,0.00445951825787939,0.00679331175370281,0.0106929783582269,0.0150257910758632,0.0193586037934994,0.0232582703980235,0.0255920638938469
H_MUSE_Volume_52,78,0.00476035629373579,0.00712752308751125,0.0110829550096349,0.0154777270437466,0.0198724990778584,0.023827930999982,0.0261950977937575
H_MUSE_Volume_52,79,0.00503251380021248,0.00743352919879707,0.0114455206554383,0.0159031344386824,0.0203607482219264,0.0243727396785676,0.0267737550771522
H_MUSE_Volume_52,80,0.00527569400020142,0.00771104022390715,0.011780396984064,0.0163017477842969,0.0208230985845299,0.0248924553446867,0.0273278015683924
H_MUSE_Volume_52,81,0.00549329155042128,0.00796345788237233,0.0120909975166923,0.01667699371426,0.0212629899118278,0.0253905295461477,0.0278606958780987
H_MUSE_Volume_52,82,0.00568883625456404,0.00819431915159908,0.012380871217692,0.0170324345113258,0.0216839978049597,0.0258705498710526,0.0283760327680876
H_MUSE_Volume_52,83,0.00586616338920364,0.00840746658923223,0.0126538728110583,0.017371938417188,0.0220900040233177,0.0263364102451437,0.0288777134451723
H_MUSE_Volume_52,84,0.00602985069640287,0.00860748532179954,0.0129145997624359,0.0177001166071463,0.0224856334518566,0.026792747892493,0.0293703825178897
H_MUSE_Volume_52,85,0.0061845859943108,0.00879907066462701,0.013167759914605,0.0180216908428915,0.022875621771178,0.0272443110211559,0.0298587956914721
H_MUSE_Volume_52,86,0.00633466531492567,0.00898652625243798,0.013417669606109,0.018340991577834,0.023264313549559,0.02769545690323,0.0303473178407423
H_MUSE_Volume_52,87,0.00648152935155797,0.00917130042166014,0.0136657899446895,0.0186594941095719,0.0236531982744543,0.0281476877974837,0.0308374588675858
H_MUSE_Volume_52,88,0.00662535302624311,0.0093535758176773,0.0139123164811067,0.0189774083276759,0.024042500174245,0.0286012408376744,0.0313294636291086
H_MUSE_Volume_52,89,0.00676630347815557,0.00953352741648798,0.0141574372863486,0.0192949368526176,0.0244324364188866,0.0290563462887473,0.0318235702270797
H_MUSE_Volume_52,90,0.00690449724188476,0.00971127967472428,0.0144012900544332,0.0196122320861122,0.0248231741177911,0.0295131844975001,0.0323199669303396
H_MUSE_Volume_52,91,0.007039991448376,0.00988689772464471,0.0146439532874626,0.0199293873851284,0.0252148214827942,0.0299718770456121,0.0328187833218808
H_MUSE_Volume_52,92,0.00717283933345812,0.0100604429170682,0.0148855018960483,0.0202464927261917,0.0256074835563352,0.0304325425353153,0.0333201461189254
H_MUSE_Volume_52,93,0.00730310091562111,0.0102319834992952,0.0151260178774724,0.0205636453838123,0.0260012728901522,0.0308953072683294,0.0338241898520035
H_MUSE_Volume_52,94,0.00743085926279733,0.0104016108742824,0.0153656065621516,0.0208809661628261,0.0263963257635005,0.0313603214513697,0.0343310730628548
H_MUSE_Volume_52,95,0.00755620164902681,0.0105694207685755,0.0156043778003979,0.0211985806060745,0.0267927834117512,0.0318277404435736,0.0348409595631223
H_MUSE_Volume_52,96,0.00767928625851228,0.0107355613858706,0.0158424631189186,0.02151660171092,0.0271907403029214,0.0322976420359694,0.0353539171633277
H_MUSE_Volume_52,97,0.00779981612451264,0.0108997940969151,0.0160797213678465,0.0218349966341693,0.0275902719004921,0.0327701991714235,0.035870177143826
